Balancing,Kappa,Dataset,F-Measure,FN,FP,Classifier,# Training Releases,Test Defective %,AUC,Feature Selection,Sensitivity,Accuracy,Precision,FP Rate,Training Defective %,TN,Recall,Training %,TP,TP Rate,Test Release
false,0.16928273395589138,OPENJPA,0.19565217391304346,68.0,6.0,NaiveBayes,3.0,0.10998735777496839,0.7005256648113791,false,false,0.9064475347661188,0.6,0.008403361344537815,0.040110650069156296,708.0,0.11688311688311688,0.7327702702702703,9.0,0.11688311688311688,4.0
false,0.2064183482976265,OPENJPA,0.2476190476190476,64.0,15.0,IBk,3.0,0.10998735777496839,0.5884080905089308,false,false,0.9001264222503161,0.4642857142857143,0.02100840336134454,0.040110650069156296,699.0,0.16883116883116883,0.7327702702702703,13.0,0.16883116883116883,4.0
false,0.10451916898693472,OPENJPA,0.11904761904761903,72.0,2.0,RandomForest,3.0,0.10998735777496839,0.796800538397177,false,false,0.9064475347661188,0.7142857142857143,0.0028011204481792717,0.040110650069156296,712.0,0.06493506493506493,0.7327702702702703,5.0,0.06493506493506493,4.0
false,0.1297311167726676,OPENJPA,0.19672131147540986,145.0,100.0,NaiveBayes,12.0,1.9107327141382868,0.5188736731221133,false,false,0.8735810113519092,0.23076923076923078,0.05672149744753262,0.27938735476082693,1663.0,0.17142857142857143,0.8724328593996841,30.0,0.17142857142857143,13.0
false,0.0980962291300955,OPENJPA,0.2163009404388715,106.0,394.0,IBk,12.0,1.9107327141382868,0.5742014423466494,false,false,0.7420020639834881,0.1490280777537797,0.2234826999432785,0.27938735476082693,1369.0,0.3942857142857143,0.8724328593996841,69.0,0.3942857142857143,13.0
false,0.2866460477706004,OPENJPA,0.3223140495867769,136.0,28.0,RandomForest,12.0,1.9107327141382868,0.7397763552386355,false,false,0.9153766769865841,0.582089552238806,0.01588201928530913,0.27938735476082693,1735.0,0.22285714285714286,0.8724328593996841,39.0,0.22285714285714286,13.0
false,0.25609245456829305,OPENJPA,0.2702702702702703,24.0,3.0,NaiveBayes,1.0,0.019756838905775075,0.6641083273943315,false,false,0.958966565349544,0.625,0.0047694753577106515,0.015587529976019185,626.0,0.1724137931034483,0.5589812332439679,5.0,0.1724137931034483,2.0
false,-0.002946854994411566,OPENJPA,0.0,29.0,1.0,IBk,1.0,0.019756838905775075,0.49920508744038156,false,false,0.9544072948328268,0.0,0.001589825119236884,0.015587529976019185,628.0,0.0,0.5589812332439679,0.0,0.0,2.0
false,0.0,OPENJPA,NaN,29.0,0.0,RandomForest,1.0,0.019756838905775075,0.7181623814483855,false,false,0.9559270516717325,NaN,0.0,0.015587529976019185,629.0,0.0,0.5589812332439679,0.0,0.0,2.0
false,0.13814305128577295,OPENJPA,0.17821782178217824,68.0,15.0,NaiveBayes,4.0,0.20838627700127066,0.7388512895555149,false,false,0.8945362134688692,0.375,0.02112676056338028,0.05538669368456602,695.0,0.11688311688311688,0.7900213447171825,9.0,0.11688311688311688,5.0
false,0.33683299551344836,OPENJPA,0.38333333333333336,54.0,20.0,IBk,4.0,0.20838627700127066,0.6885220413389428,false,false,0.905972045743329,0.5348837209302325,0.028169014084507043,0.05538669368456602,690.0,0.2987012987012987,0.7900213447171825,23.0,0.2987012987012987,5.0
false,0.1942969464502651,OPENJPA,0.2268041237113402,66.0,9.0,RandomForest,4.0,0.20838627700127066,0.8341137735503933,false,false,0.9047013977128335,0.55,0.01267605633802817,0.05538669368456602,701.0,0.14285714285714285,0.7900213447171825,11.0,0.14285714285714285,5.0
false,0.16250121228483583,OPENJPA,0.19730941704035876,154.0,25.0,NaiveBayes,15.0,2.3680672268907563,0.6286725238714052,false,false,0.899719887955182,0.46808510638297873,0.015537600994406464,0.22499600787778784,1584.0,0.125,0.9132315769006416,22.0,0.125,16.0
false,0.7031063069995614,OPENJPA,0.7278688524590164,65.0,18.0,IBk,15.0,2.3680672268907563,0.9246461664500819,false,false,0.9535014005602241,0.8604651162790697,0.011187072715972654,0.22499600787778784,1591.0,0.6306818181818182,0.9132315769006416,111.0,0.6306818181818182,16.0
false,0.7185669411664831,OPENJPA,0.7417218543046358,64.0,14.0,RandomForest,15.0,2.3680672268907563,0.9733565455675461,false,false,0.9563025210084034,0.8888888888888888,0.00870105655686762,0.22499600787778784,1595.0,0.6363636363636364,0.9132315769006416,112.0,0.6363636363636364,16.0
false,0.014237902750094771,OPENJPA,0.08210180623973726,542.0,17.0,NaiveBayes,7.0,0.75,0.6578653722766201,false,false,0.5079225352112676,0.5952380952380952,0.029876977152899824,0.1443333898017957,552.0,0.04409171075837742,0.838613439409007,25.0,0.04409171075837742,8.0
false,0.5843537309499078,OPENJPA,0.7677165354330708,177.0,59.0,IBk,7.0,0.75,0.8402190792348965,false,false,0.7922535211267606,0.8685968819599109,0.10369068541300527,0.1443333898017957,510.0,0.6878306878306878,0.838613439409007,390.0,0.6878306878306878,8.0
false,0.6055861245873181,OPENJPA,0.7956204379562043,131.0,93.0,RandomForest,7.0,0.75,0.8992802744999582,false,false,0.8028169014084507,0.8241965973534972,0.1634446397188049,0.1443333898017957,476.0,0.7689594356261023,0.838613439409007,436.0,0.7689594356261023,8.0
false,0.0193270141142059,OPENJPA,0.13028169014084506,53.0,935.0,NaiveBayes,11.0,1.7933801404212637,0.5448612241627269,false,false,0.5045135406218656,0.07333994053518335,0.500803427959293,0.31761257660538234,932.0,0.5826771653543307,0.8495434995849996,74.0,0.5826771653543307,12.0
false,0.06590848621568424,OPENJPA,0.167973124300112,52.0,691.0,IBk,11.0,1.7933801404212637,0.6236751873610871,false,false,0.627382146439318,0.097911227154047,0.370112479914301,0.31761257660538234,1176.0,0.5905511811023622,0.8495434995849996,75.0,0.5905511811023622,12.0
false,0.013650039615176525,OPENJPA,0.12734082397003746,42.0,1123.0,RandomForest,11.0,1.7933801404212637,0.6210856610250982,false,false,0.4157472417251756,0.07036423841059603,0.6014997321906802,0.31761257660538234,744.0,0.6692913385826772,0.8495434995849996,85.0,0.6692913385826772,12.0
false,0.1564402598284408,OPENJPA,0.6858611825192803,77.0,534.0,NaiveBayes,9.0,1.3797814207650274,0.6838457661290323,false,false,0.5826502732240437,0.5553705245628643,0.7416666666666667,0.2454733260420464,186.0,0.896505376344086,0.8489631692974311,667.0,0.896505376344086,10.0
false,0.4475182710846075,OPENJPA,0.7345597897503285,185.0,219.0,IBk,9.0,1.3797814207650274,0.7518639859617682,false,false,0.7240437158469945,0.718508997429306,0.30416666666666664,0.2454733260420464,501.0,0.7513440860215054,0.8489631692974311,559.0,0.7513440860215054,10.0
false,0.511321051096201,OPENJPA,0.7718849840255592,140.0,217.0,RandomForest,9.0,1.3797814207650274,0.8542889411589009,false,false,0.7561475409836065,0.7356881851400731,0.3013888888888889,0.2454733260420464,503.0,0.8118279569892473,0.8489631692974311,604.0,0.8118279569892473,10.0
false,0.19530657173638058,OPENJPA,0.24615384615384614,148.0,48.0,NaiveBayes,14.0,2.3086138049058755,0.6662446139718867,false,false,0.8881916714204222,0.4,0.030514939605848695,0.23759760464979746,1525.0,0.17777777777777778,0.9066858298733099,32.0,0.17777777777777778,15.0
false,0.4002015942591879,OPENJPA,0.43939393939393945,122.0,26.0,IBk,14.0,2.3086138049058755,0.7274175319629865,false,false,0.9155733029092984,0.6904761904761905,0.01652892561983471,0.23759760464979746,1547.0,0.32222222222222224,0.9066858298733099,58.0,0.32222222222222224,15.0
false,0.394819232646453,OPENJPA,0.43137254901960786,125.0,20.0,RandomForest,14.0,2.3086138049058755,0.8595747686656777,false,false,0.9172846548773531,0.7333333333333333,0.012714558169103624,0.23759760464979746,1553.0,0.3055555555555556,0.9066858298733099,55.0,0.3055555555555556,15.0
false,0.01457862739709518,OPENJPA,0.6395014381591564,145.0,607.0,NaiveBayes,10.0,1.7672634271099745,0.5990969893092967,false,false,0.5191815856777494,0.5235478806907379,0.8071808510638298,0.2851248194759645,145.0,0.8214285714285714,0.8610765677740274,667.0,0.8214285714285714,11.0
false,0.5200600968226586,OPENJPA,0.7672253258845438,194.0,181.0,IBk,10.0,1.7672634271099745,0.7896135756210041,false,false,0.760230179028133,0.7734668335419274,0.24069148936170212,0.2851248194759645,571.0,0.7610837438423645,0.8610765677740274,618.0,0.7610837438423645,11.0
false,0.5064467834578766,OPENJPA,0.7485380116959064,236.0,151.0,RandomForest,10.0,1.7672634271099745,0.8532353788911016,false,false,0.7525575447570333,0.7922971114167813,0.20079787234042554,0.2851248194759645,601.0,0.7093596059113301,0.8610765677740274,576.0,0.7093596059113301,11.0
false,0.1292229631710028,OPENJPA,0.23880597014925373,105.0,303.0,NaiveBayes,13.0,2.1087547580206634,0.6201892073840485,false,false,0.7781402936378466,0.17438692098092642,0.181437125748503,0.2552491278878431,1367.0,0.378698224852071,0.8920267731329262,64.0,0.378698224852071,14.0
false,0.027970125166544825,OPENJPA,0.16953316953316952,100.0,576.0,IBk,13.0,2.1087547580206634,0.5351096623321404,false,false,0.6324089178901577,0.10697674418604651,0.3449101796407186,0.2552491278878431,1094.0,0.40828402366863903,0.8920267731329262,69.0,0.40828402366863903,14.0
false,0.16093912086673812,OPENJPA,0.26902654867256637,93.0,320.0,RandomForest,13.0,2.1087547580206634,0.6941005562838819,false,false,0.77542142468733,0.1919191919191919,0.19161676646706588,0.2552491278878431,1350.0,0.44970414201183434,0.8920267731329262,76.0,0.44970414201183434,14.0
false,0.21908893709327568,OPENJPA,0.25,37.0,11.0,NaiveBayes,2.0,0.06222222222222222,0.7256084656084656,false,false,0.9288888888888889,0.42105263157894735,0.01746031746031746,0.02813127930341594,619.0,0.17777777777777778,0.6886531365313653,8.0,0.17777777777777778,3.0
false,0.16413373860182381,OPENJPA,0.2028985507246377,38.0,17.0,IBk,2.0,0.06222222222222222,0.5642857142857143,false,false,0.9185185185185185,0.2916666666666667,0.026984126984126985,0.02813127930341594,613.0,0.15555555555555556,0.6886531365313653,7.0,0.15555555555555556,3.0
false,0.13838120104438603,OPENJPA,0.15384615384615385,41.0,3.0,RandomForest,2.0,0.06222222222222222,0.7312874779541446,false,false,0.9348148148148148,0.5714285714285714,0.004761904761904762,0.02813127930341594,627.0,0.08888888888888889,0.6886531365313653,4.0,0.08888888888888889,3.0
false,0.01978779416520893,OPENJPA,0.06797853309481215,512.0,9.0,NaiveBayes,6.0,0.2966728280961183,0.5081618423616024,false,false,0.5184842883548983,0.6785714285714286,0.016333938294010888,0.06659751037344398,542.0,0.035781544256120526,0.8166723144696713,19.0,0.035781544256120526,7.0
false,0.08547299290849067,OPENJPA,0.20554649265905384,468.0,19.0,IBk,6.0,0.2966728280961183,0.5408792778751867,false,false,0.5499075785582255,0.7682926829268293,0.034482758620689655,0.06659751037344398,532.0,0.11864406779661017,0.8166723144696713,63.0,0.11864406779661017,7.0
false,0.04249785285353177,OPENJPA,0.09591474245115454,504.0,5.0,RandomForest,6.0,0.2966728280961183,0.5707616010609028,false,false,0.5295748613678374,0.84375,0.009074410163339383,0.06659751037344398,546.0,0.05084745762711865,0.8166723144696713,27.0,0.05084745762711865,7.0
false,0.05838441463858754,OPENJPA,0.1317365269461078,69.0,76.0,NaiveBayes,5.0,0.2252336448598131,0.6726578282828283,false,false,0.8644859813084111,0.12643678160919541,0.07676767676767676,0.06428380901573753,914.0,0.1375,0.7779622328283876,11.0,0.1375,6.0
false,0.4399557685219314,OPENJPA,0.4740740740740741,48.0,23.0,IBk,5.0,0.2252336448598131,0.729280303030303,false,false,0.9336448598130841,0.5818181818181818,0.023232323232323233,0.06428380901573753,967.0,0.4,0.7779622328283876,32.0,0.4,6.0
false,0.40385227634511284,OPENJPA,0.43548387096774194,53.0,17.0,RandomForest,5.0,0.2252336448598131,0.8382891414141415,false,false,0.9345794392523366,0.6136363636363636,0.01717171717171717,0.06428380901573753,973.0,0.3375,0.7779622328283876,27.0,0.3375,6.0
false,0.031873113477485136,OPENJPA,0.13925925925925925,554.0,27.0,NaiveBayes,8.0,1.1944444444444444,0.6589755291436475,false,false,0.5109427609427609,0.6351351351351351,0.04599659284497445,0.2015625,560.0,0.07820299500831947,0.8556149732620321,47.0,0.07820299500831947,9.0
false,0.02899810455243897,OPENJPA,0.10445468509984639,567.0,16.0,IBk,8.0,1.1944444444444444,0.5043638229299833,false,false,0.5092592592592592,0.68,0.027257240204429302,0.2015625,571.0,0.056572379367720464,0.8556149732620321,34.0,0.056572379367720464,9.0
false,0.36122379463041515,OPENJPA,0.5526932084309133,365.0,17.0,RandomForest,8.0,1.1944444444444444,0.8935675067391939,false,false,0.6784511784511784,0.932806324110672,0.028960817717206135,0.2015625,570.0,0.39267886855241263,0.8556149732620321,236.0,0.39267886855241263,9.0
false,0.25859504855218246,OPENJPA,0.2990654205607477,61.0,14.0,NaiveBayes,3.0,0.10998735777496839,0.7204154389028339,BestFirst,false,0.9051833122629582,0.5333333333333333,0.0196078431372549,0.040110650069156296,700.0,0.2077922077922078,0.7327702702702703,16.0,0.2077922077922078,4.0
false,0.1878507433297236,OPENJPA,0.2150537634408602,67.0,6.0,IBk,3.0,0.10998735777496839,0.6235857979555458,BestFirst,false,0.9077117572692793,0.625,0.008403361344537815,0.040110650069156296,708.0,0.12987012987012986,0.7327702702702703,10.0,0.12987012987012986,4.0
false,0.24586517071283492,OPENJPA,0.2736842105263158,64.0,5.0,RandomForest,3.0,0.10998735777496839,0.7494634217323293,BestFirst,false,0.9127686472819216,0.7222222222222222,0.0070028011204481795,0.040110650069156296,709.0,0.16883116883116883,0.7327702702702703,13.0,0.16883116883116883,4.0
false,0.20891808886988306,OPENJPA,0.2529644268774704,143.0,46.0,NaiveBayes,12.0,1.9107327141382868,0.6305469572968155,BestFirst,false,0.9024767801857585,0.41025641025641024,0.026091888825865002,0.27938735476082693,1717.0,0.18285714285714286,0.8724328593996841,32.0,0.18285714285714286,13.0
false,0.1377398319485849,OPENJPA,0.24834437086092712,100.0,354.0,IBk,12.0,1.9107327141382868,0.6115387731950409,BestFirst,false,0.7657378740970073,0.17482517482517482,0.20079410096426545,0.27938735476082693,1409.0,0.42857142857142855,0.8724328593996841,75.0,0.42857142857142855,13.0
false,0.4591044089260831,OPENJPA,0.4902723735408559,112.0,19.0,RandomForest,12.0,1.9107327141382868,0.8304918564135807,BestFirst,false,0.9324045407636739,0.7682926829268293,0.010777084515031198,0.27938735476082693,1744.0,0.36,0.8724328593996841,63.0,0.36,13.0
false,0.05468824825208141,OPENJPA,0.0625,28.0,2.0,NaiveBayes,1.0,0.019756838905775075,0.4938325749684776,BestFirst,false,0.9544072948328268,0.3333333333333333,0.003179650238473768,0.015587529976019185,627.0,0.034482758620689655,0.5589812332439679,1.0,0.034482758620689655,2.0
false,-0.002946854994411566,OPENJPA,0.0,29.0,1.0,IBk,1.0,0.019756838905775075,0.49920508744038156,BestFirst,false,0.9544072948328268,0.0,0.001589825119236884,0.015587529976019185,628.0,0.0,0.5589812332439679,0.0,0.0,2.0
false,0.0,OPENJPA,NaN,29.0,0.0,RandomForest,1.0,0.019756838905775075,0.5335782029493997,BestFirst,false,0.9559270516717325,NaN,0.0,0.015587529976019185,629.0,0.0,0.5589812332439679,0.0,0.0,2.0
false,0.2225290034956176,OPENJPA,0.2641509433962264,63.0,15.0,NaiveBayes,4.0,0.20838627700127066,0.7591092006584964,BestFirst,false,0.900889453621347,0.4827586206896552,0.02112676056338028,0.05538669368456602,695.0,0.18181818181818182,0.7900213447171825,14.0,0.18181818181818182,5.0
false,0.32858874769880086,OPENJPA,0.3770491803278688,54.0,22.0,IBk,4.0,0.20838627700127066,0.7663252240717029,BestFirst,false,0.9034307496823379,0.5111111111111111,0.030985915492957747,0.05538669368456602,688.0,0.2987012987012987,0.7900213447171825,23.0,0.2987012987012987,5.0
false,0.38585230207841026,OPENJPA,0.432,50.0,21.0,RandomForest,4.0,0.20838627700127066,0.8531827327601975,BestFirst,false,0.9097839898348157,0.5625,0.029577464788732393,0.05538669368456602,689.0,0.35064935064935066,0.7900213447171825,27.0,0.35064935064935066,5.0
false,0.0,OPENJPA,NaN,176.0,0.0,NaiveBayes,15.0,2.3680672268907563,0.5561083959545737,BestFirst,false,0.9014005602240897,NaN,0.0,0.22499600787778784,1609.0,0.0,0.9132315769006416,0.0,0.0,16.0
false,0.0,OPENJPA,NaN,176.0,0.0,IBk,15.0,2.3680672268907563,0.6625868693146505,BestFirst,false,0.9014005602240897,NaN,0.0,0.22499600787778784,1609.0,0.0,0.9132315769006416,0.0,0.0,16.0
false,0.0,OPENJPA,NaN,176.0,0.0,RandomForest,15.0,2.3680672268907563,0.661781739081304,BestFirst,false,0.9014005602240897,NaN,0.0,0.22499600787778784,1609.0,0.0,0.9132315769006416,0.0,0.0,16.0
false,0.02489724453936977,OPENJPA,0.1291338582677165,526.0,27.0,NaiveBayes,7.0,0.75,0.5229633349141257,BestFirst,false,0.5132042253521126,0.6029411764705882,0.04745166959578207,0.1443333898017957,542.0,0.07231040564373897,0.838613439409007,41.0,0.07231040564373897,8.0
false,0.3393710067613672,OPENJPA,0.5972073039742212,289.0,86.0,IBk,7.0,0.75,0.7621744264978009,BestFirst,false,0.669894366197183,0.7637362637362637,0.15114235500878734,0.1443333898017957,483.0,0.49029982363315694,0.838613439409007,278.0,0.49029982363315694,8.0
false,0.34850067735345464,OPENJPA,0.6605504587155963,207.0,163.0,RandomForest,7.0,0.75,0.7523750631542079,BestFirst,false,0.6742957746478874,0.6883365200764818,0.28646748681898065,0.1443333898017957,406.0,0.6349206349206349,0.838613439409007,360.0,0.6349206349206349,8.0
false,0.25231261881817335,OPENJPA,0.3055555555555556,83.0,117.0,NaiveBayes,11.0,1.7933801404212637,0.6568772168074598,BestFirst,false,0.8996990972918756,0.2732919254658385,0.06266738082485271,0.31761257660538234,1750.0,0.3464566929133858,0.8495434995849996,44.0,0.3464566929133858,12.0
false,0.03776299857862333,OPENJPA,0.14611872146118723,47.0,888.0,IBk,11.0,1.7933801404212637,0.648878785706152,BestFirst,false,0.5310932798395186,0.08264462809917356,0.4756293519014462,0.31761257660538234,979.0,0.6299212598425197,0.8495434995849996,80.0,0.6299212598425197,12.0
false,0.034561836221932055,OPENJPA,0.14483319772172498,38.0,1013.0,RandomForest,11.0,1.7933801404212637,0.6436828631557638,BestFirst,false,0.4729187562688064,0.08076225045372051,0.5425816818425281,0.31761257660538234,854.0,0.7007874015748031,0.8495434995849996,89.0,0.7007874015748031,12.0
false,-0.005301992665576806,OPENJPA,0.1345707656612529,686.0,60.0,NaiveBayes,9.0,1.3797814207650274,0.5301616636798089,BestFirst,false,0.4904371584699454,0.4915254237288136,0.08333333333333333,0.2454733260420464,660.0,0.07795698924731183,0.8489631692974311,58.0,0.07795698924731183,10.0
false,0.27921106122540157,OPENJPA,0.6107431935246506,329.0,200.0,IBk,9.0,1.3797814207650274,0.701377688172043,BestFirst,false,0.6386612021857924,0.6747967479674797,0.2777777777777778,0.2454733260420464,520.0,0.5577956989247311,0.8489631692974311,415.0,0.5577956989247311,10.0
false,0.2861498453122898,OPENJPA,0.657030223390276,244.0,278.0,RandomForest,9.0,1.3797814207650274,0.7028701836917562,BestFirst,false,0.6434426229508197,0.6426735218508998,0.3861111111111111,0.2454733260420464,442.0,0.6720430107526881,0.8489631692974311,500.0,0.6720430107526881,10.0
false,0.019453076444997275,OPENJPA,0.1,165.0,105.0,NaiveBayes,14.0,2.3086138049058755,0.5907042452496998,BestFirst,false,0.8459783228750714,0.125,0.06675143038779402,0.23759760464979746,1468.0,0.08333333333333333,0.9066858298733099,15.0,0.08333333333333333,15.0
false,0.0,OPENJPA,NaN,180.0,0.0,IBk,14.0,2.3086138049058755,0.6624496715405807,BestFirst,false,0.8973188819167142,NaN,0.0,0.23759760464979746,1573.0,0.0,0.9066858298733099,0.0,0.0,15.0
false,0.008752034078271404,OPENJPA,0.01098901098901099,179.0,1.0,RandomForest,14.0,2.3086138049058755,0.6212951190223918,BestFirst,false,0.8973188819167142,0.5,6.357279084551812E-4,0.23759760464979746,1572.0,0.005555555555555556,0.9066858298733099,1.0,0.005555555555555556,15.0
false,0.003449019185169137,OPENJPA,0.1518987341772152,740.0,64.0,NaiveBayes,10.0,1.7672634271099745,0.5267537797400692,BestFirst,false,0.48593350383631717,0.5294117647058824,0.0851063829787234,0.2851248194759645,688.0,0.08866995073891626,0.8610765677740274,72.0,0.08866995073891626,11.0
false,0.267258096582113,OPENJPA,0.6224556795797768,338.0,237.0,IBk,10.0,1.7672634271099745,0.7013923461901268,BestFirst,false,0.6323529411764706,0.6666666666666666,0.3151595744680851,0.2851248194759645,515.0,0.583743842364532,0.8610765677740274,474.0,0.583743842364532,11.0
false,0.269091767730764,OPENJPA,0.6545454545454545,272.0,298.0,RandomForest,10.0,1.7672634271099745,0.6999102557383922,BestFirst,false,0.6355498721227621,0.6443914081145584,0.3962765957446808,0.2851248194759645,454.0,0.6650246305418719,0.8610765677740274,540.0,0.6650246305418719,11.0
false,0.026058825965255585,OPENJPA,0.1706484641638225,94.0,635.0,NaiveBayes,13.0,2.1087547580206634,0.5779134039613082,BestFirst,false,0.6035889070146819,0.1056338028169014,0.38023952095808383,0.2552491278878431,1035.0,0.4437869822485207,0.8920267731329262,75.0,0.4437869822485207,14.0
false,0.0276281098440874,OPENJPA,0.17214043035107587,93.0,638.0,IBk,13.0,2.1087547580206634,0.556074832583354,BestFirst,false,0.6025013594344752,0.10644257703081232,0.38203592814371257,0.2552491278878431,1032.0,0.44970414201183434,0.8920267731329262,76.0,0.44970414201183434,14.0
false,0.04005034086043262,OPENJPA,0.1755829903978052,105.0,496.0,RandomForest,13.0,2.1087547580206634,0.5715639726464231,BestFirst,false,0.6731919521479065,0.11428571428571428,0.2970059880239521,0.2552491278878431,1174.0,0.378698224852071,0.8920267731329262,64.0,0.378698224852071,14.0
false,0.2405063291139238,OPENJPA,0.27272727272727276,36.0,12.0,NaiveBayes,2.0,0.06222222222222222,0.7217813051146384,BestFirst,false,0.9288888888888889,0.42857142857142855,0.01904761904761905,0.02813127930341594,618.0,0.2,0.6886531365313653,9.0,0.2,3.0
false,0.1929499072356208,OPENJPA,0.2368421052631579,36.0,22.0,IBk,2.0,0.06222222222222222,0.6137918871252205,BestFirst,false,0.914074074074074,0.2903225806451613,0.03492063492063492,0.02813127930341594,608.0,0.2,0.6886531365313653,9.0,0.2,3.0
false,0.1914191419141916,OPENJPA,0.22222222222222218,38.0,11.0,RandomForest,2.0,0.06222222222222222,0.7775485008818342,BestFirst,false,0.9274074074074075,0.3888888888888889,0.01746031746031746,0.02813127930341594,619.0,0.15555555555555556,0.6886531365313653,7.0,0.15555555555555556,3.0
false,0.014314971088417621,OPENJPA,0.07092198581560284,511.0,13.0,NaiveBayes,6.0,0.2966728280961183,0.5257860216487058,BestFirst,false,0.5157116451016637,0.6060606060606061,0.023593466424682397,0.06659751037344398,538.0,0.03766478342749529,0.8166723144696713,20.0,0.03766478342749529,7.0
false,0.04863748996493358,OPENJPA,0.1245674740484429,495.0,11.0,IBk,6.0,0.2966728280961183,0.5455258543787874,BestFirst,false,0.532347504621072,0.7659574468085106,0.019963702359346643,0.06659751037344398,540.0,0.06779661016949153,0.8166723144696713,36.0,0.06779661016949153,7.0
false,0.035308716643899216,OPENJPA,0.10471204188481674,501.0,12.0,RandomForest,6.0,0.2966728280961183,0.5338897604424074,BestFirst,false,0.5258780036968577,0.7142857142857143,0.021778584392014518,0.06659751037344398,539.0,0.05649717514124294,0.8166723144696713,30.0,0.05649717514124294,7.0
false,0.21652719665271913,OPENJPA,0.24999999999999994,66.0,18.0,NaiveBayes,5.0,0.2252336448598131,0.7339393939393939,BestFirst,false,0.9214953271028037,0.4375,0.01818181818181818,0.06428380901573753,972.0,0.175,0.7779622328283876,14.0,0.175,6.0
false,0.4192297751356935,OPENJPA,0.46153846153846156,44.0,40.0,IBk,5.0,0.2252336448598131,0.7957386363636364,BestFirst,false,0.9214953271028037,0.47368421052631576,0.04040404040404041,0.06428380901573753,950.0,0.45,0.7779622328283876,36.0,0.45,6.0
false,0.42631097162285836,OPENJPA,0.4675324675324675,44.0,38.0,RandomForest,5.0,0.2252336448598131,0.8524431818181818,BestFirst,false,0.9233644859813084,0.4864864864864865,0.03838383838383838,0.06428380901573753,952.0,0.45,0.7779622328283876,36.0,0.45,6.0
false,0.0044255600617728345,OPENJPA,0.0507936507936508,585.0,13.0,NaiveBayes,8.0,1.1944444444444444,0.504025091627526,BestFirst,false,0.4966329966329966,0.5517241379310345,0.022146507666098807,0.2015625,574.0,0.026622296173044926,0.8556149732620321,16.0,0.026622296173044926,9.0
false,0.026049374411408616,OPENJPA,0.0729001584786054,578.0,7.0,IBk,8.0,1.1944444444444444,0.5164065002395213,BestFirst,false,0.5075757575757576,0.7666666666666667,0.01192504258943782,0.2015625,580.0,0.03826955074875208,0.8556149732620321,23.0,0.03826955074875208,9.0
false,0.09831309344766442,OPENJPA,0.21251819505094616,528.0,13.0,RandomForest,8.0,1.1944444444444444,0.7303542931003694,BestFirst,false,0.5446127946127945,0.8488372093023255,0.022146507666098807,0.2015625,574.0,0.12146422628951747,0.8556149732620321,73.0,0.12146422628951747,9.0
UnderSampling,0.2546930492135977,OPENJPA,0.3157894736842105,56.0,35.0,NaiveBayes,3.0,0.10998735777496839,0.7602222707264724,false,false,0.8849557522123894,0.375,0.049019607843137254,0.040110650069156296,679.0,0.2727272727272727,0.7327702702702703,21.0,0.2727272727272727,4.0
UnderSampling,0.0978303384487956,OPENJPA,0.2440087145969499,21.0,326.0,IBk,3.0,0.10998735777496839,0.6342627960275019,false,false,0.561314791403287,0.14659685863874344,0.4565826330532213,0.040110650069156296,388.0,0.7272727272727273,0.7327702702702703,56.0,0.7272727272727273,4.0
UnderSampling,0.18685855845228275,OPENJPA,0.3107344632768361,22.0,222.0,RandomForest,3.0,0.10998735777496839,0.7564116555713194,false,false,0.6915297092288243,0.19855595667870035,0.31092436974789917,0.040110650069156296,492.0,0.7142857142857143,0.7327702702702703,55.0,0.7142857142857143,4.0
UnderSampling,0.2590027242546904,OPENJPA,0.31578947368421056,127.0,81.0,NaiveBayes,12.0,1.9107327141382868,0.7082003079167004,false,false,0.8926728586171311,0.37209302325581395,0.04594441293250142,0.27938735476082693,1682.0,0.2742857142857143,0.8724328593996841,48.0,0.2742857142857143,13.0
UnderSampling,0.028863988169713164,OPENJPA,0.17237798546209762,92.0,705.0,IBk,12.0,1.9107327141382868,0.5263333603435703,false,false,0.5887512899896801,0.10532994923857868,0.39988655700510495,0.27938735476082693,1058.0,0.4742857142857143,0.8724328593996841,83.0,0.4742857142857143,13.0
UnderSampling,0.29540468425733796,OPENJPA,0.36164383561643837,109.0,124.0,RandomForest,12.0,1.9107327141382868,0.7329146746616968,false,false,0.8797729618163055,0.3473684210526316,0.07033465683494045,0.27938735476082693,1639.0,0.37714285714285717,0.8724328593996841,66.0,0.37714285714285717,13.0
UnderSampling,0.3432524023954317,OPENJPA,0.3768115942028986,16.0,27.0,NaiveBayes,1.0,0.019756838905775075,0.7451619976974947,false,false,0.9346504559270516,0.325,0.04292527821939587,0.015587529976019185,602.0,0.4482758620689655,0.5589812332439679,13.0,0.4482758620689655,2.0
UnderSampling,0.11951827747703914,OPENJPA,0.15384615384615385,25.0,19.0,IBk,1.0,0.019756838905775075,0.553862178608629,false,false,0.9331306990881458,0.17391304347826086,0.030206677265500796,0.015587529976019185,610.0,0.13793103448275862,0.5589812332439679,4.0,0.13793103448275862,2.0
UnderSampling,0.028494686441667628,OPENJPA,0.1015228426395939,19.0,158.0,RandomForest,1.0,0.019756838905775075,0.5275478318074667,false,false,0.7310030395136777,0.05952380952380952,0.25119236883942764,0.015587529976019185,471.0,0.3448275862068966,0.5589812332439679,10.0,0.3448275862068966,2.0
UnderSampling,0.2752449083095319,OPENJPA,0.3669724770642202,37.0,101.0,NaiveBayes,4.0,0.20838627700127066,0.7618620815803915,false,false,0.8246505717916137,0.28368794326241137,0.14225352112676057,0.05538669368456602,609.0,0.5194805194805194,0.7900213447171825,40.0,0.5194805194805194,5.0
UnderSampling,0.09694284155354586,OPENJPA,0.2440087145969499,21.0,326.0,IBk,4.0,0.20838627700127066,0.6360252423632705,false,false,0.5590851334180432,0.14659685863874344,0.4591549295774648,0.05538669368456602,384.0,0.7272727272727273,0.7900213447171825,56.0,0.7272727272727273,5.0
UnderSampling,0.10891577769103968,OPENJPA,0.25477707006369427,17.0,334.0,RandomForest,4.0,0.20838627700127066,0.7398664715566124,false,false,0.554002541296061,0.15228426395939088,0.4704225352112676,0.05538669368456602,376.0,0.7792207792207793,0.7900213447171825,60.0,0.7792207792207793,5.0
UnderSampling,0.23599294296958986,OPENJPA,0.29553264604810997,133.0,72.0,NaiveBayes,15.0,2.3680672268907563,0.7149150375727442,false,false,0.8851540616246498,0.3739130434782609,0.044748290863890615,0.22499600787778784,1537.0,0.24431818181818182,0.9132315769006416,43.0,0.24431818181818182,16.0
UnderSampling,0.4042228716342751,OPENJPA,0.4876441515650742,28.0,283.0,IBk,15.0,2.3680672268907563,0.8597078224758461,false,false,0.8257703081232494,0.3433874709976798,0.17588564325668116,0.22499600787778784,1326.0,0.8409090909090909,0.9132315769006416,148.0,0.8409090909090909,16.0
UnderSampling,0.45284890010818607,OPENJPA,0.5277777777777778,24.0,248.0,RandomForest,15.0,2.3680672268907563,0.924582603536923,false,false,0.8476190476190476,0.38,0.15413300186451212,0.22499600787778784,1361.0,0.8636363636363636,0.9132315769006416,152.0,0.8636363636363636,16.0
UnderSampling,0.09555824564670833,OPENJPA,0.24669603524229075,483.0,30.0,NaiveBayes,7.0,0.75,0.7176332747510252,false,false,0.5484154929577465,0.7368421052631579,0.05272407732864675,0.1443333898017957,539.0,0.14814814814814814,0.838613439409007,84.0,0.14814814814814814,8.0
UnderSampling,0.3562025214534127,OPENJPA,0.7422535211267606,40.0,326.0,IBk,7.0,0.75,0.6617972060268487,false,false,0.6778169014084507,0.6178194607268465,0.5729349736379613,0.1443333898017957,243.0,0.9294532627865961,0.838613439409007,527.0,0.9294532627865961,8.0
UnderSampling,0.3475307304083971,OPENJPA,0.74949358541526,12.0,359.0,RandomForest,7.0,0.75,0.7774213245800826,false,false,0.6734154929577464,0.6072210065645515,0.6309314586994728,0.1443333898017957,210.0,0.9788359788359788,0.838613439409007,555.0,0.9788359788359788,8.0
UnderSampling,0.228199112147523,OPENJPA,0.27027027027027023,97.0,65.0,NaiveBayes,11.0,1.7933801404212637,0.6988030821267855,false,false,0.9187562688064194,0.3157894736842105,0.03481521156936261,0.31761257660538234,1802.0,0.23622047244094488,0.8495434995849996,30.0,0.23622047244094488,12.0
UnderSampling,0.03045775315939073,OPENJPA,0.14174454828660435,36.0,1066.0,IBk,11.0,1.7933801404212637,0.5752438751797696,false,false,0.4473420260782347,0.07865168539325842,0.5709694697375469,0.31761257660538234,801.0,0.7165354330708661,0.8495434995849996,91.0,0.7165354330708661,12.0
UnderSampling,0.026642871981072118,OPENJPA,0.1411338962605549,10.0,1414.0,RandomForest,11.0,1.7933801404212637,0.6908932178871321,false,false,0.2858575727181545,0.07642064010450686,0.757364756293519,0.31761257660538234,453.0,0.9212598425196851,0.8495434995849996,117.0,0.9212598425196851,12.0
UnderSampling,0.017672137665952322,OPENJPA,0.15133876600698487,679.0,50.0,NaiveBayes,9.0,1.3797814207650274,0.6535002240143369,false,false,0.5020491803278688,0.5652173913043478,0.06944444444444445,0.2454733260420464,670.0,0.08736559139784947,0.8489631692974311,65.0,0.08736559139784947,10.0
UnderSampling,0.35853229227783556,OPENJPA,0.743109151047409,70.0,396.0,IBk,9.0,1.3797814207650274,0.6790079898446834,false,false,0.6816939890710383,0.6299065420560748,0.55,0.2454733260420464,324.0,0.9059139784946236,0.8489631692974311,674.0,0.9059139784946236,10.0
UnderSampling,0.33646170198331043,OPENJPA,0.7480356207438451,30.0,451.0,RandomForest,9.0,1.3797814207650274,0.8190356182795699,false,false,0.6714480874316939,0.6128755364806867,0.6263888888888889,0.2454733260420464,269.0,0.9596774193548387,0.8489631692974311,714.0,0.9596774193548387,10.0
UnderSampling,0.2065517192605272,OPENJPA,0.25581395348837205,147.0,45.0,NaiveBayes,14.0,2.3086138049058755,0.6708165571801935,false,false,0.8904734740444951,0.4230769230769231,0.028607755880483154,0.23759760464979746,1528.0,0.18333333333333332,0.9066858298733099,33.0,0.18333333333333332,15.0
UnderSampling,0.37790470805300436,OPENJPA,0.45351473922902497,80.0,161.0,IBk,14.0,2.3086138049058755,0.7439817757999576,false,false,0.8625213918996006,0.3831417624521073,0.10235219326128417,0.23759760464979746,1412.0,0.5555555555555556,0.9066858298733099,100.0,0.5555555555555556,15.0
UnderSampling,0.4490381916049262,OPENJPA,0.5141509433962265,71.0,135.0,RandomForest,14.0,2.3086138049058755,0.8450236632054814,false,false,0.8824871648602397,0.44672131147540983,0.08582326764144946,0.23759760464979746,1438.0,0.6055555555555555,0.9066858298733099,109.0,0.6055555555555555,15.0
UnderSampling,0.2385589094449855,OPENJPA,0.6542056074766355,252.0,340.0,NaiveBayes,10.0,1.7672634271099745,0.6189946677497118,false,false,0.6214833759590792,0.6222222222222222,0.4521276595744681,0.2851248194759645,412.0,0.6896551724137931,0.8610765677740274,560.0,0.6896551724137931,11.0
UnderSampling,0.4127357786788769,OPENJPA,0.757883484767504,103.0,350.0,IBk,10.0,1.7672634271099745,0.7110128327743424,false,false,0.7103580562659846,0.6694995278564684,0.4654255319148936,0.2851248194759645,402.0,0.8731527093596059,0.8610765677740274,709.0,0.8731527093596059,11.0
UnderSampling,0.41745041437750247,OPENJPA,0.7681159420289855,70.0,378.0,RandomForest,10.0,1.7672634271099745,0.7873535923907348,false,false,0.7135549872122762,0.6625,0.5026595744680851,0.2851248194759645,374.0,0.9137931034482759,0.8610765677740274,742.0,0.9137931034482759,11.0
UnderSampling,0.23618795354450384,OPENJPA,0.29801324503311255,124.0,88.0,NaiveBayes,13.0,2.1087547580206634,0.7012348084895298,false,false,0.8847199564980969,0.3383458646616541,0.05269461077844311,0.2552491278878431,1582.0,0.26627218934911245,0.8920267731329262,45.0,0.26627218934911245,14.0
UnderSampling,0.0423597833545405,OPENJPA,0.19277108433734938,57.0,881.0,IBk,13.0,2.1087547580206634,0.5626935478156114,false,false,0.4899401848830886,0.11278952668680765,0.5275449101796407,0.2552491278878431,789.0,0.6627218934911243,0.8920267731329262,112.0,0.6627218934911243,14.0
UnderSampling,0.14911758873686318,OPENJPA,0.2747380675203725,51.0,572.0,RandomForest,13.0,2.1087547580206634,0.7455018956170499,false,false,0.6612289287656336,0.17101449275362318,0.34251497005988024,0.2552491278878431,1098.0,0.6982248520710059,0.8920267731329262,118.0,0.6982248520710059,14.0
UnderSampling,0.2639593908629436,OPENJPA,0.3095238095238095,32.0,26.0,NaiveBayes,2.0,0.06222222222222222,0.7049382716049383,false,false,0.914074074074074,0.3333333333333333,0.04126984126984127,0.02813127930341594,604.0,0.28888888888888886,0.6886531365313653,13.0,0.28888888888888886,3.0
UnderSampling,0.054542170850641156,OPENJPA,0.16706443914081145,10.0,339.0,IBk,2.0,0.06222222222222222,0.6198412698412699,false,false,0.482962962962963,0.09358288770053476,0.5380952380952381,0.02813127930341594,291.0,0.7777777777777778,0.6886531365313653,35.0,0.7777777777777778,3.0
UnderSampling,0.052132701421800896,OPENJPA,0.16666666666666666,5.0,395.0,RandomForest,2.0,0.06222222222222222,0.7638095238095238,false,false,0.4074074074074074,0.09195402298850575,0.626984126984127,0.02813127930341594,235.0,0.8888888888888888,0.6886531365313653,40.0,0.8888888888888888,3.0
UnderSampling,0.05694472899253767,OPENJPA,0.1661129568106312,481.0,21.0,NaiveBayes,6.0,0.2966728280961183,0.7174833635813672,false,false,0.5360443622920518,0.704225352112676,0.038112522686025406,0.06659751037344398,530.0,0.09416195856873823,0.8166723144696713,50.0,0.09416195856873823,7.0
UnderSampling,-0.05713775494434929,OPENJPA,0.3835319609967497,354.0,215.0,IBk,6.0,0.2966728280961183,0.469632341129465,false,false,0.47412199630314233,0.45153061224489793,0.39019963702359345,0.06659751037344398,336.0,0.3333333333333333,0.8166723144696713,177.0,0.3333333333333333,7.0
UnderSampling,0.022370735621384738,OPENJPA,0.4550155118924509,311.0,216.0,RandomForest,6.0,0.2966728280961183,0.5218452326022537,false,false,0.5129390018484288,0.5045871559633027,0.39201451905626133,0.06659751037344398,335.0,0.4143126177024482,0.8166723144696713,220.0,0.4143126177024482,7.0
UnderSampling,0.0833136838795881,OPENJPA,0.2043795620437956,10.0,535.0,NaiveBayes,5.0,0.2252336448598131,0.784280303030303,false,false,0.49065420560747663,0.11570247933884298,0.5404040404040404,0.06428380901573753,455.0,0.875,0.7779622328283876,70.0,0.875,6.0
UnderSampling,0.09515043433239392,OPENJPA,0.2110912343470483,21.0,420.0,IBk,5.0,0.2252336448598131,0.657645202020202,false,false,0.5878504672897197,0.12317327766179541,0.42424242424242425,0.06428380901573753,570.0,0.7375,0.7779622328283876,59.0,0.7375,6.0
UnderSampling,0.11823142050799615,OPENJPA,0.23157894736842105,14.0,424.0,RandomForest,5.0,0.2252336448598131,0.7966477272727273,false,false,0.5906542056074766,0.1346938775510204,0.42828282828282827,0.06428380901573753,566.0,0.825,0.7779622328283876,66.0,0.825,6.0
UnderSampling,0.05419856331683974,OPENJPA,0.22222222222222224,520.0,47.0,NaiveBayes,8.0,1.1944444444444444,0.6824840484484973,false,false,0.5227272727272727,0.6328125,0.08006814310051108,0.2015625,540.0,0.13477537437603992,0.8556149732620321,81.0,0.13477537437603992,9.0
UnderSampling,-0.016180411589219797,OPENJPA,0.1825503355704698,533.0,76.0,IBk,8.0,1.1944444444444444,0.4910640131297355,false,false,0.48737373737373735,0.4722222222222222,0.12947189097103917,0.2015625,511.0,0.11314475873544093,0.8556149732620321,68.0,0.11314475873544093,9.0
UnderSampling,0.4667969582224292,OPENJPA,0.7587786259541984,104.0,212.0,RandomForest,8.0,1.1944444444444444,0.7558455952175108,false,false,0.734006734006734,0.7009873060648801,0.36115843270868825,0.2015625,375.0,0.826955074875208,0.8556149732620321,497.0,0.826955074875208,9.0
OverSampling,0.27208976157082754,OPENJPA,0.4804804804804805,473.0,46.0,NaiveBayes,3.0,0.10998735777496839,0.7640414738113457,false,false,0.6360448807854138,0.8391608391608392,0.06451612903225806,0.040110650069156296,667.0,0.33660589060308554,0.7327702702702703,240.0,0.33660589060308554,4.0
OverSampling,0.22300140252454415,OPENJPA,0.41561181434599165,516.0,38.0,IBk,3.0,0.10998735777496839,0.6593222639460706,false,false,0.6115007012622721,0.8382978723404255,0.05329593267882188,0.040110650069156296,675.0,0.2762973352033661,0.7327702702702703,197.0,0.2762973352033661,4.0
OverSampling,0.1430575035063113,OPENJPA,0.2557856272838003,608.0,3.0,RandomForest,3.0,0.10998735777496839,0.7988390322777352,false,false,0.5715287517531557,0.9722222222222222,0.004207573632538569,0.040110650069156296,710.0,0.14726507713884993,0.7327702702702703,105.0,0.14726507713884993,4.0
OverSampling,0.2512762336925696,OPENJPA,0.4476987447698745,1228.0,92.0,NaiveBayes,12.0,1.9107327141382868,0.7019013444893119,false,false,0.6256381168462848,0.8532695374800638,0.052183777651730004,0.27938735476082693,1671.0,0.3034600113442995,0.8724328593996841,535.0,0.3034600113442995,13.0
OverSampling,0.10550198525241061,OPENJPA,0.5045554508325479,960.0,617.0,IBk,12.0,1.9107327141382868,0.5660437061176532,false,false,0.5527509926262053,0.5654929577464789,0.3499716392512762,0.27938735476082693,1146.0,0.4554736245036869,0.8724328593996841,803.0,0.4554736245036869,13.0
OverSampling,0.311401020986954,OPENJPA,0.510483870967742,1130.0,84.0,RandomForest,12.0,1.9107327141382868,0.726543344329089,false,false,0.655700510493477,0.8828451882845189,0.0476460578559274,0.27938735476082693,1679.0,0.35904707884288145,0.8724328593996841,633.0,0.35904707884288145,13.0
OverSampling,0.34658187599364076,OPENJPA,0.6096866096866096,308.0,103.0,NaiveBayes,1.0,0.019756838905775075,0.7199241231318291,false,false,0.6732909379968204,0.7570754716981132,0.16375198728139906,0.015587529976019185,526.0,0.5103338632750397,0.5589812332439679,321.0,0.5103338632750397,2.0
OverSampling,-0.0031796502384737746,OPENJPA,0.0,629.0,2.0,IBk,1.0,0.019756838905775075,0.4478997373881878,false,false,0.4984101748807631,0.0,0.003179650238473768,0.015587529976019185,627.0,0.0,0.5589812332439679,0.0,0.0,2.0
OverSampling,0.0,OPENJPA,NaN,629.0,0.0,RandomForest,1.0,0.019756838905775075,0.5613346442861079,false,false,0.5,NaN,0.0,0.015587529976019185,629.0,0.0,0.5589812332439679,0.0,0.0,2.0
OverSampling,0.3830985915492957,OPENJPA,0.6518282988871225,300.0,138.0,NaiveBayes,4.0,0.20838627700127066,0.7648204721285459,false,false,0.6915492957746479,0.7481751824817519,0.19436619718309858,0.05538669368456602,572.0,0.5774647887323944,0.7900213447171825,410.0,0.5774647887323944,5.0
OverSampling,0.3915492957746478,OPENJPA,0.600739371534196,385.0,47.0,IBk,4.0,0.20838627700127066,0.7450654632017457,false,false,0.695774647887324,0.8736559139784946,0.06619718309859154,0.05538669368456602,663.0,0.45774647887323944,0.7900213447171825,325.0,0.45774647887323944,5.0
OverSampling,0.39295774647887316,OPENJPA,0.5990697674418605,388.0,43.0,RandomForest,4.0,0.20838627700127066,0.8285191430271771,false,false,0.6964788732394367,0.8821917808219178,0.06056338028169014,0.05538669368456602,667.0,0.4535211267605634,0.7900213447171825,322.0,0.4535211267605634,5.0
OverSampling,0.2318210068365445,OPENJPA,0.430939226519337,1141.0,95.0,NaiveBayes,15.0,2.3680672268907563,0.7113557942601456,false,false,0.6159105034182722,0.8312611012433393,0.05904288377874456,0.22499600787778784,1514.0,0.290863890615289,0.9132315769006416,468.0,0.290863890615289,16.0
OverSampling,0.7650714729645742,OPENJPA,0.8773523685918234,257.0,121.0,IBk,15.0,2.3680672268907563,0.9233914189180576,false,false,0.8825357364822871,0.9178547182620502,0.07520198881292728,0.22499600787778784,1488.0,0.8402734617775015,0.9132315769006416,1352.0,0.8402734617775015,16.0
OverSampling,0.7681789931634555,OPENJPA,0.8782239634345412,264.0,109.0,RandomForest,15.0,2.3680672268907563,0.9574851064996808,false,false,0.8840894965817278,0.9250343878954608,0.06774394033561218,0.22499600787778784,1500.0,0.8359229334990678,0.9132315769006416,1345.0,0.8359229334990678,16.0
OverSampling,0.10193321616871698,OPENJPA,0.23617339312406577,490.0,21.0,NaiveBayes,7.0,0.75,0.7400520754507183,false,false,0.5509666080843585,0.79,0.03690685413005272,0.1443333898017957,548.0,0.13884007029876977,0.838613439409007,79.0,0.13884007029876977,8.0
OverSampling,0.4833040421792618,OPENJPA,0.7717391304347826,72.0,222.0,IBk,7.0,0.75,0.790700547626181,false,false,0.7416520210896309,0.6912378303198887,0.39015817223198596,0.1443333898017957,347.0,0.8734622144112478,0.838613439409007,497.0,0.8734622144112478,8.0
OverSampling,0.5430579964850615,OPENJPA,0.8006134969325154,47.0,213.0,RandomForest,7.0,0.75,0.8535293009349489,false,false,0.7715289982425307,0.710204081632653,0.37434094903339193,0.1443333898017957,356.0,0.9173989455184535,0.838613439409007,522.0,0.9173989455184535,8.0
OverSampling,0.2335297268344938,OPENJPA,0.4346108257605689,1317.0,114.0,NaiveBayes,11.0,1.7933801404212637,0.7171483170185292,false,false,0.6167648634172469,0.8283132530120482,0.06106052490626674,0.31761257660538234,1753.0,0.2945902517407606,0.8495434995849996,550.0,0.2945902517407606,12.0
OverSampling,0.2003213711837173,OPENJPA,0.6221209820298658,638.0,855.0,IBk,11.0,1.7933801404212637,0.6059677154215422,false,false,0.6001606855918586,0.5897312859884837,0.4579539367970005,0.31761257660538234,1012.0,0.6582753079807178,0.8495434995849996,1229.0,0.6582753079807178,12.0
OverSampling,0.09801821103374397,OPENJPA,0.630377524143986,431.0,1253.0,RandomForest,11.0,1.7933801404212637,0.6376475353940068,false,false,0.549009105516872,0.5340275195239866,0.6711301553294055,0.31761257660538234,614.0,0.7691483663631494,0.8495434995849996,1436.0,0.7691483663631494,12.0
OverSampling,0.0040322580645162365,OPENJPA,0.12925969447708577,689.0,52.0,NaiveBayes,9.0,1.3797814207650274,0.6104110663082437,false,false,0.5020161290322581,0.514018691588785,0.06989247311827956,0.2454733260420464,692.0,0.0739247311827957,0.8489631692974311,55.0,0.0739247311827957,10.0
OverSampling,0.396505376344086,OPENJPA,0.7444507683551508,90.0,359.0,IBk,9.0,1.3797814207650274,0.7163066178170887,false,false,0.698252688172043,0.6456071076011846,0.4825268817204301,0.2454733260420464,385.0,0.8790322580645161,0.8489631692974311,654.0,0.8790322580645161,10.0
OverSampling,0.4193548387096775,OPENJPA,0.7615894039735099,54.0,378.0,RandomForest,9.0,1.3797814207650274,0.8274484405711643,false,false,0.7096774193548387,0.6460674157303371,0.5080645161290323,0.2454733260420464,366.0,0.9274193548387096,0.8489631692974311,690.0,0.9274193548387096,10.0
OverSampling,0.15638906547997466,OPENJPA,0.30632514375326714,1280.0,47.0,NaiveBayes,14.0,2.3086138049058755,0.6779997728677148,false,false,0.5781945327399872,0.861764705882353,0.029879211697393517,0.23759760464979746,1526.0,0.18626827717736807,0.9066858298733099,293.0,0.18626827717736807,15.0
OverSampling,0.4183089637635091,OPENJPA,0.6195426195426196,828.0,87.0,IBk,14.0,2.3086138049058755,0.7140944070089305,false,false,0.7091544818817546,0.8954326923076923,0.05530832803560076,0.23759760464979746,1486.0,0.47361729179911,0.9066858298733099,745.0,0.47361729179911,15.0
OverSampling,0.47806738715829633,OPENJPA,0.6693515908175593,742.0,79.0,RandomForest,14.0,2.3086138049058755,0.8497241070205296,false,false,0.7390336935791482,0.9131868131868132,0.050222504767959315,0.23759760464979746,1494.0,0.5282898919262555,0.9066858298733099,831.0,0.5282898919262555,15.0
OverSampling,-0.007389162561576401,OPENJPA,0.6471095772217428,62.0,756.0,NaiveBayes,10.0,1.7672634271099745,0.6156505557038511,false,false,0.4963054187192118,0.49800796812749004,0.9310344827586207,0.2851248194759645,56.0,0.9236453201970444,0.8610765677740274,750.0,0.9236453201970444,11.0
OverSampling,0.48891625615763545,OPENJPA,0.7740881872618399,101.0,314.0,IBk,10.0,1.7672634271099745,0.7725110109442113,false,false,0.7444581280788178,0.6936585365853658,0.3866995073891626,0.2851248194759645,498.0,0.875615763546798,0.8610765677740274,711.0,0.875615763546798,11.0
OverSampling,0.48152709359605916,OPENJPA,0.7672747374239912,118.0,303.0,RandomForest,10.0,1.7672634271099745,0.8360529556650246,false,false,0.7407635467980296,0.6960882647943831,0.3731527093596059,0.2851248194759645,509.0,0.854679802955665,0.8610765677740274,694.0,0.854679802955665,11.0
OverSampling,0.22874251497005993,OPENJPA,0.4419410745233969,1160.0,128.0,NaiveBayes,13.0,2.1087547580206634,0.6766031410233425,false,false,0.61437125748503,0.799373040752351,0.07664670658682635,0.2552491278878431,1542.0,0.30538922155688625,0.8920267731329262,510.0,0.30538922155688625,14.0
OverSampling,0.03473053892215572,OPENJPA,0.5018541409147095,858.0,754.0,IBk,13.0,2.1087547580206634,0.5299912151744416,false,false,0.5173652694610779,0.5185185185185185,0.45149700598802395,0.2552491278878431,916.0,0.48622754491017967,0.8920267731329262,812.0,0.48622754491017967,14.0
OverSampling,0.3143712574850299,OPENJPA,0.6400502986482238,652.0,493.0,RandomForest,13.0,2.1087547580206634,0.7294761375452687,false,false,0.6571856287425151,0.6737260092653872,0.2952095808383233,0.2552491278878431,1177.0,0.6095808383233533,0.8920267731329262,1018.0,0.6095808383233533,14.0
OverSampling,0.26232114467408585,OPENJPA,0.46296296296296297,429.0,35.0,NaiveBayes,2.0,0.06222222222222222,0.7094019578355125,false,false,0.6311605723370429,0.851063829787234,0.05564387917329094,0.02813127930341594,594.0,0.3179650238473768,0.6886531365313653,200.0,0.3179650238473768,3.0
OverSampling,0.12082670906200321,OPENJPA,0.2656042496679947,529.0,24.0,IBk,2.0,0.06222222222222222,0.5648820521634512,false,false,0.5604133545310016,0.8064516129032258,0.03815580286168521,0.02813127930341594,605.0,0.1589825119236884,0.6886531365313653,100.0,0.1589825119236884,3.0
OverSampling,0.11446740858505566,OPENJPA,0.2187938288920056,551.0,6.0,RandomForest,2.0,0.06222222222222222,0.728003417239366,false,false,0.5572337042925278,0.9285714285714286,0.009538950715421303,0.02813127930341594,623.0,0.12400635930047695,0.6886531365313653,78.0,0.12400635930047695,3.0
OverSampling,0.05807622504537213,OPENJPA,0.18524332810047095,492.0,27.0,NaiveBayes,6.0,0.2966728280961183,0.6975520502238135,false,false,0.5290381125226861,0.686046511627907,0.04900181488203267,0.06659751037344398,524.0,0.10707803992740472,0.8166723144696713,59.0,0.10707803992740472,7.0
OverSampling,0.07985480943738654,OPENJPA,0.23759398496240605,472.0,35.0,IBk,6.0,0.2966728280961183,0.5705070141402696,false,false,0.5399274047186933,0.6929824561403509,0.06352087114337568,0.06659751037344398,516.0,0.14337568058076225,0.8166723144696713,79.0,0.14337568058076225,7.0
OverSampling,0.04355716878402904,OPENJPA,0.18294573643410852,492.0,35.0,RandomForest,6.0,0.2966728280961183,0.5770303786878173,false,false,0.5217785843920145,0.6276595744680851,0.06352087114337568,0.06659751037344398,516.0,0.10707803992740472,0.8166723144696713,59.0,0.10707803992740472,7.0
OverSampling,0.305050505050505,OPENJPA,0.7335398915569327,43.0,645.0,NaiveBayes,5.0,0.2252336448598131,0.8016064687276808,false,false,0.6525252525252525,0.5948492462311558,0.6515151515151515,0.06428380901573753,345.0,0.9565656565656566,0.7779622328283876,947.0,0.9565656565656566,6.0
OverSampling,0.41313131313131324,OPENJPA,0.6311111111111112,493.0,88.0,IBk,5.0,0.2252336448598131,0.7118044077134986,false,false,0.7065656565656566,0.8495726495726496,0.08888888888888889,0.06428380901573753,902.0,0.502020202020202,0.7779622328283876,497.0,0.502020202020202,6.0
OverSampling,0.4242424242424243,OPENJPA,0.6360153256704981,492.0,78.0,RandomForest,5.0,0.2252336448598131,0.8122548719518417,false,false,0.7121212121212122,0.8645833333333334,0.07878787878787878,0.06428380901573753,912.0,0.503030303030303,0.7779622328283876,498.0,0.503030303030303,6.0
OverSampling,0.06833333333333336,OPENJPA,0.27308192457737324,495.0,64.0,NaiveBayes,8.0,1.1944444444444444,0.6947347222222222,false,false,0.5341666666666667,0.621301775147929,0.10666666666666667,0.2015625,536.0,0.175,0.8556149732620321,105.0,0.175,9.0
OverSampling,0.011666666666666714,OPENJPA,0.13682678311499272,553.0,40.0,IBk,8.0,1.1944444444444444,0.4709319444444444,false,false,0.5058333333333334,0.5402298850574713,0.06666666666666667,0.2015625,560.0,0.07833333333333334,0.8556149732620321,47.0,0.07833333333333334,9.0
OverSampling,0.565,OPENJPA,0.7823185988323602,131.0,130.0,RandomForest,8.0,1.1944444444444444,0.8649555555555556,false,false,0.7825,0.7829716193656093,0.21666666666666667,0.2015625,470.0,0.7816666666666666,0.8556149732620321,469.0,0.7816666666666666,9.0
SMOTE,0.27208976157082754,OPENJPA,0.4804804804804805,473.0,46.0,NaiveBayes,3.0,0.10998735777496839,0.7640414738113457,false,false,0.6360448807854138,0.8391608391608392,0.06451612903225806,0.040110650069156296,667.0,0.33660589060308554,0.7327702702702703,240.0,0.33660589060308554,4.0
SMOTE,0.22300140252454415,OPENJPA,0.41561181434599165,516.0,38.0,IBk,3.0,0.10998735777496839,0.6593222639460706,false,false,0.6115007012622721,0.8382978723404255,0.05329593267882188,0.040110650069156296,675.0,0.2762973352033661,0.7327702702702703,197.0,0.2762973352033661,4.0
SMOTE,0.1430575035063113,OPENJPA,0.2557856272838003,608.0,3.0,RandomForest,3.0,0.10998735777496839,0.7988390322777352,false,false,0.5715287517531557,0.9722222222222222,0.004207573632538569,0.040110650069156296,710.0,0.14726507713884993,0.7327702702702703,105.0,0.14726507713884993,4.0
SMOTE,0.2512762336925696,OPENJPA,0.4476987447698745,1228.0,92.0,NaiveBayes,12.0,1.9107327141382868,0.7019013444893119,false,false,0.6256381168462848,0.8532695374800638,0.052183777651730004,0.27938735476082693,1671.0,0.3034600113442995,0.8724328593996841,535.0,0.3034600113442995,13.0
SMOTE,0.10550198525241061,OPENJPA,0.5045554508325479,960.0,617.0,IBk,12.0,1.9107327141382868,0.5660437061176532,false,false,0.5527509926262053,0.5654929577464789,0.3499716392512762,0.27938735476082693,1146.0,0.4554736245036869,0.8724328593996841,803.0,0.4554736245036869,13.0
SMOTE,0.311401020986954,OPENJPA,0.510483870967742,1130.0,84.0,RandomForest,12.0,1.9107327141382868,0.726543344329089,false,false,0.655700510493477,0.8828451882845189,0.0476460578559274,0.27938735476082693,1679.0,0.35904707884288145,0.8724328593996841,633.0,0.35904707884288145,13.0
SMOTE,0.34658187599364076,OPENJPA,0.6096866096866096,308.0,103.0,NaiveBayes,1.0,0.019756838905775075,0.7199241231318291,false,false,0.6732909379968204,0.7570754716981132,0.16375198728139906,0.015587529976019185,526.0,0.5103338632750397,0.5589812332439679,321.0,0.5103338632750397,2.0
SMOTE,-0.0031796502384737746,OPENJPA,0.0,629.0,2.0,IBk,1.0,0.019756838905775075,0.4478997373881878,false,false,0.4984101748807631,0.0,0.003179650238473768,0.015587529976019185,627.0,0.0,0.5589812332439679,0.0,0.0,2.0
SMOTE,0.0,OPENJPA,NaN,629.0,0.0,RandomForest,1.0,0.019756838905775075,0.5613346442861079,false,false,0.5,NaN,0.0,0.015587529976019185,629.0,0.0,0.5589812332439679,0.0,0.0,2.0
SMOTE,0.3830985915492957,OPENJPA,0.6518282988871225,300.0,138.0,NaiveBayes,4.0,0.20838627700127066,0.7648204721285459,false,false,0.6915492957746479,0.7481751824817519,0.19436619718309858,0.05538669368456602,572.0,0.5774647887323944,0.7900213447171825,410.0,0.5774647887323944,5.0
SMOTE,0.3915492957746478,OPENJPA,0.600739371534196,385.0,47.0,IBk,4.0,0.20838627700127066,0.7450654632017457,false,false,0.695774647887324,0.8736559139784946,0.06619718309859154,0.05538669368456602,663.0,0.45774647887323944,0.7900213447171825,325.0,0.45774647887323944,5.0
SMOTE,0.39295774647887316,OPENJPA,0.5990697674418605,388.0,43.0,RandomForest,4.0,0.20838627700127066,0.8285191430271771,false,false,0.6964788732394367,0.8821917808219178,0.06056338028169014,0.05538669368456602,667.0,0.4535211267605634,0.7900213447171825,322.0,0.4535211267605634,5.0
SMOTE,0.2318210068365445,OPENJPA,0.430939226519337,1141.0,95.0,NaiveBayes,15.0,2.3680672268907563,0.7113557942601456,false,false,0.6159105034182722,0.8312611012433393,0.05904288377874456,0.22499600787778784,1514.0,0.290863890615289,0.9132315769006416,468.0,0.290863890615289,16.0
SMOTE,0.7650714729645742,OPENJPA,0.8773523685918234,257.0,121.0,IBk,15.0,2.3680672268907563,0.9233914189180576,false,false,0.8825357364822871,0.9178547182620502,0.07520198881292728,0.22499600787778784,1488.0,0.8402734617775015,0.9132315769006416,1352.0,0.8402734617775015,16.0
SMOTE,0.7681789931634555,OPENJPA,0.8782239634345412,264.0,109.0,RandomForest,15.0,2.3680672268907563,0.9574851064996808,false,false,0.8840894965817278,0.9250343878954608,0.06774394033561218,0.22499600787778784,1500.0,0.8359229334990678,0.9132315769006416,1345.0,0.8359229334990678,16.0
SMOTE,0.10193321616871698,OPENJPA,0.23617339312406577,490.0,21.0,NaiveBayes,7.0,0.75,0.7400520754507183,false,false,0.5509666080843585,0.79,0.03690685413005272,0.1443333898017957,548.0,0.13884007029876977,0.838613439409007,79.0,0.13884007029876977,8.0
SMOTE,0.4833040421792618,OPENJPA,0.7717391304347826,72.0,222.0,IBk,7.0,0.75,0.790700547626181,false,false,0.7416520210896309,0.6912378303198887,0.39015817223198596,0.1443333898017957,347.0,0.8734622144112478,0.838613439409007,497.0,0.8734622144112478,8.0
SMOTE,0.5430579964850615,OPENJPA,0.8006134969325154,47.0,213.0,RandomForest,7.0,0.75,0.8535293009349489,false,false,0.7715289982425307,0.710204081632653,0.37434094903339193,0.1443333898017957,356.0,0.9173989455184535,0.838613439409007,522.0,0.9173989455184535,8.0
SMOTE,0.2335297268344938,OPENJPA,0.4346108257605689,1317.0,114.0,NaiveBayes,11.0,1.7933801404212637,0.7171483170185292,false,false,0.6167648634172469,0.8283132530120482,0.06106052490626674,0.31761257660538234,1753.0,0.2945902517407606,0.8495434995849996,550.0,0.2945902517407606,12.0
SMOTE,0.2003213711837173,OPENJPA,0.6221209820298658,638.0,855.0,IBk,11.0,1.7933801404212637,0.6059677154215422,false,false,0.6001606855918586,0.5897312859884837,0.4579539367970005,0.31761257660538234,1012.0,0.6582753079807178,0.8495434995849996,1229.0,0.6582753079807178,12.0
SMOTE,0.09801821103374397,OPENJPA,0.630377524143986,431.0,1253.0,RandomForest,11.0,1.7933801404212637,0.6376475353940068,false,false,0.549009105516872,0.5340275195239866,0.6711301553294055,0.31761257660538234,614.0,0.7691483663631494,0.8495434995849996,1436.0,0.7691483663631494,12.0
SMOTE,0.0040322580645162365,OPENJPA,0.12925969447708577,689.0,52.0,NaiveBayes,9.0,1.3797814207650274,0.6104110663082437,false,false,0.5020161290322581,0.514018691588785,0.06989247311827956,0.2454733260420464,692.0,0.0739247311827957,0.8489631692974311,55.0,0.0739247311827957,10.0
SMOTE,0.396505376344086,OPENJPA,0.7444507683551508,90.0,359.0,IBk,9.0,1.3797814207650274,0.7163066178170887,false,false,0.698252688172043,0.6456071076011846,0.4825268817204301,0.2454733260420464,385.0,0.8790322580645161,0.8489631692974311,654.0,0.8790322580645161,10.0
SMOTE,0.4193548387096775,OPENJPA,0.7615894039735099,54.0,378.0,RandomForest,9.0,1.3797814207650274,0.8274484405711643,false,false,0.7096774193548387,0.6460674157303371,0.5080645161290323,0.2454733260420464,366.0,0.9274193548387096,0.8489631692974311,690.0,0.9274193548387096,10.0
SMOTE,0.15638906547997466,OPENJPA,0.30632514375326714,1280.0,47.0,NaiveBayes,14.0,2.3086138049058755,0.6779997728677148,false,false,0.5781945327399872,0.861764705882353,0.029879211697393517,0.23759760464979746,1526.0,0.18626827717736807,0.9066858298733099,293.0,0.18626827717736807,15.0
SMOTE,0.4183089637635091,OPENJPA,0.6195426195426196,828.0,87.0,IBk,14.0,2.3086138049058755,0.7140944070089305,false,false,0.7091544818817546,0.8954326923076923,0.05530832803560076,0.23759760464979746,1486.0,0.47361729179911,0.9066858298733099,745.0,0.47361729179911,15.0
SMOTE,0.47806738715829633,OPENJPA,0.6693515908175593,742.0,79.0,RandomForest,14.0,2.3086138049058755,0.8497241070205296,false,false,0.7390336935791482,0.9131868131868132,0.050222504767959315,0.23759760464979746,1494.0,0.5282898919262555,0.9066858298733099,831.0,0.5282898919262555,15.0
SMOTE,-0.007389162561576401,OPENJPA,0.6471095772217428,62.0,756.0,NaiveBayes,10.0,1.7672634271099745,0.6156505557038511,false,false,0.4963054187192118,0.49800796812749004,0.9310344827586207,0.2851248194759645,56.0,0.9236453201970444,0.8610765677740274,750.0,0.9236453201970444,11.0
SMOTE,0.48891625615763545,OPENJPA,0.7740881872618399,101.0,314.0,IBk,10.0,1.7672634271099745,0.7725110109442113,false,false,0.7444581280788178,0.6936585365853658,0.3866995073891626,0.2851248194759645,498.0,0.875615763546798,0.8610765677740274,711.0,0.875615763546798,11.0
SMOTE,0.48152709359605916,OPENJPA,0.7672747374239912,118.0,303.0,RandomForest,10.0,1.7672634271099745,0.8360529556650246,false,false,0.7407635467980296,0.6960882647943831,0.3731527093596059,0.2851248194759645,509.0,0.854679802955665,0.8610765677740274,694.0,0.854679802955665,11.0
SMOTE,0.22874251497005993,OPENJPA,0.4419410745233969,1160.0,128.0,NaiveBayes,13.0,2.1087547580206634,0.6766031410233425,false,false,0.61437125748503,0.799373040752351,0.07664670658682635,0.2552491278878431,1542.0,0.30538922155688625,0.8920267731329262,510.0,0.30538922155688625,14.0
SMOTE,0.03473053892215572,OPENJPA,0.5018541409147095,858.0,754.0,IBk,13.0,2.1087547580206634,0.5299912151744416,false,false,0.5173652694610779,0.5185185185185185,0.45149700598802395,0.2552491278878431,916.0,0.48622754491017967,0.8920267731329262,812.0,0.48622754491017967,14.0
SMOTE,0.3143712574850299,OPENJPA,0.6400502986482238,652.0,493.0,RandomForest,13.0,2.1087547580206634,0.7294761375452687,false,false,0.6571856287425151,0.6737260092653872,0.2952095808383233,0.2552491278878431,1177.0,0.6095808383233533,0.8920267731329262,1018.0,0.6095808383233533,14.0
SMOTE,0.26232114467408585,OPENJPA,0.46296296296296297,429.0,35.0,NaiveBayes,2.0,0.06222222222222222,0.7094019578355125,false,false,0.6311605723370429,0.851063829787234,0.05564387917329094,0.02813127930341594,594.0,0.3179650238473768,0.6886531365313653,200.0,0.3179650238473768,3.0
SMOTE,0.12082670906200321,OPENJPA,0.2656042496679947,529.0,24.0,IBk,2.0,0.06222222222222222,0.5648820521634512,false,false,0.5604133545310016,0.8064516129032258,0.03815580286168521,0.02813127930341594,605.0,0.1589825119236884,0.6886531365313653,100.0,0.1589825119236884,3.0
SMOTE,0.11446740858505566,OPENJPA,0.2187938288920056,551.0,6.0,RandomForest,2.0,0.06222222222222222,0.728003417239366,false,false,0.5572337042925278,0.9285714285714286,0.009538950715421303,0.02813127930341594,623.0,0.12400635930047695,0.6886531365313653,78.0,0.12400635930047695,3.0
SMOTE,0.05807622504537213,OPENJPA,0.18524332810047095,492.0,27.0,NaiveBayes,6.0,0.2966728280961183,0.6975520502238135,false,false,0.5290381125226861,0.686046511627907,0.04900181488203267,0.06659751037344398,524.0,0.10707803992740472,0.8166723144696713,59.0,0.10707803992740472,7.0
SMOTE,0.07985480943738654,OPENJPA,0.23759398496240605,472.0,35.0,IBk,6.0,0.2966728280961183,0.5705070141402696,false,false,0.5399274047186933,0.6929824561403509,0.06352087114337568,0.06659751037344398,516.0,0.14337568058076225,0.8166723144696713,79.0,0.14337568058076225,7.0
SMOTE,0.04355716878402904,OPENJPA,0.18294573643410852,492.0,35.0,RandomForest,6.0,0.2966728280961183,0.5770303786878173,false,false,0.5217785843920145,0.6276595744680851,0.06352087114337568,0.06659751037344398,516.0,0.10707803992740472,0.8166723144696713,59.0,0.10707803992740472,7.0
SMOTE,0.305050505050505,OPENJPA,0.7335398915569327,43.0,645.0,NaiveBayes,5.0,0.2252336448598131,0.8016064687276808,false,false,0.6525252525252525,0.5948492462311558,0.6515151515151515,0.06428380901573753,345.0,0.9565656565656566,0.7779622328283876,947.0,0.9565656565656566,6.0
SMOTE,0.41313131313131324,OPENJPA,0.6311111111111112,493.0,88.0,IBk,5.0,0.2252336448598131,0.7118044077134986,false,false,0.7065656565656566,0.8495726495726496,0.08888888888888889,0.06428380901573753,902.0,0.502020202020202,0.7779622328283876,497.0,0.502020202020202,6.0
SMOTE,0.4242424242424243,OPENJPA,0.6360153256704981,492.0,78.0,RandomForest,5.0,0.2252336448598131,0.8122548719518417,false,false,0.7121212121212122,0.8645833333333334,0.07878787878787878,0.06428380901573753,912.0,0.503030303030303,0.7779622328283876,498.0,0.503030303030303,6.0
SMOTE,0.06833333333333336,OPENJPA,0.27308192457737324,495.0,64.0,NaiveBayes,8.0,1.1944444444444444,0.6947347222222222,false,false,0.5341666666666667,0.621301775147929,0.10666666666666667,0.2015625,536.0,0.175,0.8556149732620321,105.0,0.175,9.0
SMOTE,0.011666666666666714,OPENJPA,0.13682678311499272,553.0,40.0,IBk,8.0,1.1944444444444444,0.4709319444444444,false,false,0.5058333333333334,0.5402298850574713,0.06666666666666667,0.2015625,560.0,0.07833333333333334,0.8556149732620321,47.0,0.07833333333333334,9.0
SMOTE,0.565,OPENJPA,0.7823185988323602,131.0,130.0,RandomForest,8.0,1.1944444444444444,0.8649555555555556,false,false,0.7825,0.7829716193656093,0.21666666666666667,0.2015625,470.0,0.7816666666666666,0.8556149732620321,469.0,0.7816666666666666,9.0
false,0.1503759398496235,OPENJPA,0.17582417582417584,69.0,6.0,NaiveBayes,3.0,0.10998735777496839,0.5477463712757831,false,SensitiveThreshold,0.9051833122629582,0.5714285714285714,0.008403361344537815,0.040110650069156296,708.0,0.1038961038961039,0.7327702702702703,8.0,0.1038961038961039,4.0
false,0.2064183482976265,OPENJPA,0.2476190476190476,64.0,15.0,IBk,3.0,0.10998735777496839,0.5739113827349122,false,SensitiveThreshold,0.9001264222503161,0.4642857142857143,0.02100840336134454,0.040110650069156296,699.0,0.16883116883116883,0.7327702702702703,13.0,0.16883116883116883,4.0
false,0.0,OPENJPA,NaN,77.0,0.0,RandomForest,3.0,0.10998735777496839,0.5,false,SensitiveThreshold,0.9026548672566372,NaN,0.0,0.040110650069156296,714.0,0.0,0.7327702702702703,0.0,0.0,4.0
false,0.15105107961571373,OPENJPA,0.1784037558685446,156.0,19.0,NaiveBayes,12.0,1.9107327141382868,0.5488971720281987,false,SensitiveThreshold,0.9097007223942208,0.5,0.010777084515031198,0.27938735476082693,1744.0,0.10857142857142857,0.8724328593996841,19.0,0.10857142857142857,13.0
false,0.09856768138880635,OPENJPA,0.21664050235478804,106.0,393.0,IBk,12.0,1.9107327141382868,0.5856851146584555,false,SensitiveThreshold,0.7425180598555211,0.14935064935064934,0.22291548496880317,0.27938735476082693,1370.0,0.3942857142857143,0.8724328593996841,69.0,0.3942857142857143,13.0
false,0.0,OPENJPA,NaN,175.0,0.0,RandomForest,12.0,1.9107327141382868,0.5,false,SensitiveThreshold,0.9097007223942208,NaN,0.0,0.27938735476082693,1763.0,0.0,0.8724328593996841,0.0,0.0,13.0
false,0.26518340348767383,OPENJPA,0.2777777777777778,24.0,2.0,NaiveBayes,1.0,0.019756838905775075,0.5846170714324872,false,SensitiveThreshold,0.9604863221884499,0.7142857142857143,0.003179650238473768,0.015587529976019185,627.0,0.1724137931034483,0.5589812332439679,5.0,0.1724137931034483,2.0
false,-0.002946854994411566,OPENJPA,0.0,29.0,1.0,IBk,1.0,0.019756838905775075,0.49920508744038156,false,SensitiveThreshold,0.9544072948328268,0.0,0.001589825119236884,0.015587529976019185,628.0,0.0,0.5589812332439679,0.0,0.0,2.0
false,0.0,OPENJPA,NaN,29.0,0.0,RandomForest,1.0,0.019756838905775075,0.5,false,SensitiveThreshold,0.9559270516717325,NaN,0.0,0.015587529976019185,629.0,0.0,0.5589812332439679,0.0,0.0,2.0
false,0.09868932656552645,OPENJPA,0.12903225806451613,71.0,10.0,NaiveBayes,4.0,0.20838627700127066,0.5319187854399122,false,SensitiveThreshold,0.8970775095298602,0.375,0.014084507042253521,0.05538669368456602,700.0,0.07792207792207792,0.7900213447171825,6.0,0.07792207792207792,5.0
false,0.33683299551344836,OPENJPA,0.38333333333333336,54.0,20.0,IBk,4.0,0.20838627700127066,0.6352661423083958,false,SensitiveThreshold,0.905972045743329,0.5348837209302325,0.028169014084507043,0.05538669368456602,690.0,0.2987012987012987,0.7900213447171825,23.0,0.2987012987012987,5.0
false,0.0,OPENJPA,NaN,77.0,0.0,RandomForest,4.0,0.20838627700127066,0.5,false,SensitiveThreshold,0.9021601016518425,NaN,0.0,0.05538669368456602,710.0,0.0,0.7900213447171825,0.0,0.0,5.0
false,0.15741127575187053,OPENJPA,0.18691588785046728,156.0,18.0,NaiveBayes,15.0,2.3680672268907563,0.5512246454601955,false,SensitiveThreshold,0.9025210084033614,0.5263157894736842,0.011187072715972654,0.22499600787778784,1591.0,0.11363636363636363,0.9132315769006416,20.0,0.11363636363636363,16.0
false,0.7031063069995614,OPENJPA,0.7278688524590164,65.0,18.0,IBk,15.0,2.3680672268907563,0.8097473727329227,false,SensitiveThreshold,0.9535014005602241,0.8604651162790697,0.011187072715972654,0.22499600787778784,1591.0,0.6306818181818182,0.9132315769006416,111.0,0.6306818181818182,16.0
false,0.050073912705204976,OPENJPA,0.05524861878453039,171.0,0.0,RandomForest,15.0,2.3680672268907563,0.5142045454545454,false,SensitiveThreshold,0.9042016806722689,1.0,0.0,0.22499600787778784,1609.0,0.028409090909090908,0.9132315769006416,5.0,0.028409090909090908,16.0
false,0.008907586506667696,OPENJPA,0.057046979865771806,550.0,12.0,NaiveBayes,7.0,0.75,0.504446366192119,false,SensitiveThreshold,0.505281690140845,0.5862068965517241,0.0210896309314587,0.1443333898017957,557.0,0.029982363315696647,0.838613439409007,17.0,0.029982363315696647,8.0
false,0.5843537309499078,OPENJPA,0.7677165354330708,177.0,59.0,IBk,7.0,0.75,0.7920700012088413,false,SensitiveThreshold,0.7922535211267606,0.8685968819599109,0.10369068541300527,0.1443333898017957,510.0,0.6878306878306878,0.838613439409007,390.0,0.6878306878306878,8.0
false,0.4008271514158684,OPENJPA,0.5863746958637469,326.0,14.0,RandomForest,7.0,0.75,0.7002197611453617,false,SensitiveThreshold,0.7007042253521126,0.9450980392156862,0.02460456942003515,0.1443333898017957,555.0,0.42504409171075835,0.838613439409007,241.0,0.42504409171075835,8.0
false,0.07622349960264929,OPENJPA,0.14473684210526316,105.0,155.0,NaiveBayes,11.0,1.7933801404212637,0.5451037286648757,false,SensitiveThreshold,0.8696088264794384,0.12429378531073447,0.08302088912694162,0.31761257660538234,1712.0,0.1732283464566929,0.8495434995849996,22.0,0.1732283464566929,12.0
false,0.06637440461822898,OPENJPA,0.16835016835016836,52.0,689.0,IBk,11.0,1.7933801404212637,0.6107549692335592,false,SensitiveThreshold,0.6283851554663992,0.09816753926701571,0.3690412426352437,0.31761257660538234,1178.0,0.5905511811023622,0.8495434995849996,75.0,0.5905511811023622,12.0
false,0.014644400693393867,OPENJPA,0.015625,126.0,0.0,RandomForest,11.0,1.7933801404212637,0.5039370078740157,false,SensitiveThreshold,0.9368104312938815,1.0,0.0,0.31761257660538234,1867.0,0.007874015748031496,0.8495434995849996,1.0,0.007874015748031496,12.0
false,0.09652637871106291,OPENJPA,0.30239833159541185,599.0,70.0,NaiveBayes,9.0,1.3797814207650274,0.5488351254480287,false,SensitiveThreshold,0.5430327868852459,0.6744186046511628,0.09722222222222222,0.2454733260420464,650.0,0.19489247311827956,0.8489631692974311,145.0,0.19489247311827956,10.0
false,0.45027797704447625,OPENJPA,0.7355263157894737,185.0,217.0,IBk,9.0,1.3797814207650274,0.7249775985663083,false,SensitiveThreshold,0.7254098360655737,0.720360824742268,0.3013888888888889,0.2454733260420464,503.0,0.7513440860215054,0.8489631692974311,559.0,0.7513440860215054,10.0
false,0.3040694712124232,OPENJPA,0.47821681864235055,508.0,7.0,RandomForest,9.0,1.3797814207650274,0.6537410394265233,false,SensitiveThreshold,0.648224043715847,0.9711934156378601,0.009722222222222222,0.2454733260420464,713.0,0.3172043010752688,0.8489631692974311,236.0,0.3172043010752688,10.0
false,0.165787095704807,OPENJPA,0.19819819819819817,158.0,20.0,NaiveBayes,14.0,2.3086138049058755,0.5547538320265593,false,SensitiveThreshold,0.8984597832287506,0.5238095238095238,0.012714558169103624,0.23759760464979746,1553.0,0.12222222222222222,0.9066858298733099,22.0,0.12222222222222222,15.0
false,0.4002015942591879,OPENJPA,0.43939393939393945,122.0,26.0,IBk,14.0,2.3086138049058755,0.6528466483011938,false,SensitiveThreshold,0.9155733029092984,0.6904761904761905,0.01652892561983471,0.23759760464979746,1547.0,0.32222222222222224,0.9066858298733099,58.0,0.32222222222222224,15.0
false,0.0,OPENJPA,NaN,180.0,0.0,RandomForest,14.0,2.3086138049058755,0.5,false,SensitiveThreshold,0.8973188819167142,NaN,0.0,0.23759760464979746,1573.0,0.0,0.9066858298733099,0.0,0.0,15.0
false,0.06102662689770149,OPENJPA,0.3176043557168784,637.0,115.0,NaiveBayes,10.0,1.7672634271099745,0.5312958547322084,false,SensitiveThreshold,0.5191815856777494,0.603448275862069,0.1529255319148936,0.2851248194759645,637.0,0.21551724137931033,0.8610765677740274,175.0,0.21551724137931033,11.0
false,0.5213634370029,OPENJPA,0.7677018633540373,194.0,180.0,IBk,10.0,1.7672634271099745,0.7608610208573525,false,SensitiveThreshold,0.7608695652173912,0.7744360902255639,0.2393617021276596,0.2851248194759645,572.0,0.7610837438423645,0.8610765677740274,618.0,0.7610837438423645,11.0
false,0.0047380226316187666,OPENJPA,0.00980392156862745,808.0,0.0,RandomForest,10.0,1.7672634271099745,0.5024630541871922,false,SensitiveThreshold,0.4833759590792839,1.0,0.0,0.2851248194759645,752.0,0.0049261083743842365,0.8610765677740274,4.0,0.0049261083743842365,11.0
false,0.2053187454357781,OPENJPA,0.27301587301587305,126.0,103.0,NaiveBayes,13.0,2.1087547580206634,0.5963806115579492,false,SensitiveThreshold,0.8754758020663403,0.2945205479452055,0.061676646706586825,0.2552491278878431,1567.0,0.25443786982248523,0.8920267731329262,43.0,0.25443786982248523,14.0
false,0.025978611664952342,OPENJPA,0.1676942046855734,101.0,574.0,IBk,13.0,2.1087547580206634,0.5293271445275131,false,SensitiveThreshold,0.632952691680261,0.1059190031152648,0.3437125748502994,0.2552491278878431,1096.0,0.40236686390532544,0.8920267731329262,68.0,0.40236686390532544,14.0
false,0.010695118670987323,OPENJPA,0.011764705882352941,168.0,0.0,RandomForest,13.0,2.1087547580206634,0.5029585798816568,false,SensitiveThreshold,0.9086460032626428,1.0,0.0,0.2552491278878431,1670.0,0.005917159763313609,0.8920267731329262,1.0,0.005917159763313609,14.0
false,0.21800947867298498,OPENJPA,0.24137931034482757,38.0,6.0,NaiveBayes,2.0,0.06222222222222222,0.573015873015873,false,SensitiveThreshold,0.9348148148148148,0.5384615384615384,0.009523809523809525,0.02813127930341594,624.0,0.15555555555555556,0.6886531365313653,7.0,0.15555555555555556,3.0
false,0.16413373860182381,OPENJPA,0.2028985507246377,38.0,17.0,IBk,2.0,0.06222222222222222,0.5642857142857143,false,SensitiveThreshold,0.9185185185185185,0.2916666666666667,0.026984126984126985,0.02813127930341594,613.0,0.15555555555555556,0.6886531365313653,7.0,0.15555555555555556,3.0
false,0.0,OPENJPA,NaN,45.0,0.0,RandomForest,2.0,0.06222222222222222,0.5,false,SensitiveThreshold,0.9333333333333332,NaN,0.0,0.02813127930341594,630.0,0.0,0.6886531365313653,0.0,0.0,3.0
false,0.025194708519867513,OPENJPA,0.06159420289855072,514.0,4.0,NaiveBayes,6.0,0.2966728280961183,0.5123777688913498,false,SensitiveThreshold,0.521256931608133,0.8095238095238095,0.007259528130671506,0.06659751037344398,547.0,0.032015065913371,0.8166723144696713,17.0,0.032015065913371,7.0
false,0.08547299290849067,OPENJPA,0.20554649265905384,468.0,19.0,IBk,6.0,0.2966728280961183,0.5420806545879603,false,SensitiveThreshold,0.5499075785582255,0.7682926829268293,0.034482758620689655,0.06659751037344398,532.0,0.11864406779661017,0.8166723144696713,63.0,0.11864406779661017,7.0
false,0.0,OPENJPA,NaN,531.0,0.0,RandomForest,6.0,0.2966728280961183,0.5,false,SensitiveThreshold,0.5092421441774492,NaN,0.0,0.06659751037344398,551.0,0.0,0.8166723144696713,0.0,0.0,7.0
false,0.05121757543673952,OPENJPA,0.11842105263157895,71.0,63.0,NaiveBayes,5.0,0.2252336448598131,0.5244318181818182,false,SensitiveThreshold,0.874766355140187,0.125,0.06363636363636363,0.06428380901573753,927.0,0.1125,0.7779622328283876,9.0,0.1125,6.0
false,0.4399557685219314,OPENJPA,0.4740740740740741,48.0,23.0,IBk,5.0,0.2252336448598131,0.6883838383838384,false,SensitiveThreshold,0.9336448598130841,0.5818181818181818,0.023232323232323233,0.06428380901573753,967.0,0.4,0.7779622328283876,32.0,0.4,6.0
false,0.02288752745347431,OPENJPA,0.02469135802469136,79.0,0.0,RandomForest,5.0,0.2252336448598131,0.50625,false,SensitiveThreshold,0.9261682242990655,1.0,0.0,0.06428380901573753,990.0,0.0125,0.7779622328283876,1.0,0.0125,6.0
false,0.009556103575832245,OPENJPA,0.04494382022471911,587.0,8.0,NaiveBayes,8.0,1.1944444444444444,0.5048329445245998,false,SensitiveThreshold,0.49915824915824913,0.6363636363636364,0.013628620102214651,0.2015625,579.0,0.02329450915141431,0.8556149732620321,14.0,0.02329450915141431,9.0
false,0.02899810455243897,OPENJPA,0.10445468509984639,567.0,16.0,IBk,8.0,1.1944444444444444,0.5146575695816455,false,SensitiveThreshold,0.5092592592592592,0.68,0.027257240204429302,0.2015625,571.0,0.056572379367720464,0.8556149732620321,34.0,0.056572379367720464,9.0
false,0.0,OPENJPA,NaN,601.0,0.0,RandomForest,8.0,1.1944444444444444,0.5,false,SensitiveThreshold,0.4941077441077441,NaN,0.0,0.2015625,587.0,0.0,0.8556149732620321,0.0,0.0,9.0
false,0.1503759398496235,OPENJPA,0.17582417582417584,69.0,6.0,NaiveBayes,3.0,0.10998735777496839,0.5477463712757831,false,SensitiveThreshold,0.9051833122629582,0.5714285714285714,0.008403361344537815,0.040110650069156296,708.0,0.1038961038961039,0.7327702702702703,8.0,0.1038961038961039,4.0
false,0.2064183482976265,OPENJPA,0.2476190476190476,64.0,15.0,IBk,3.0,0.10998735777496839,0.5739113827349122,false,SensitiveThreshold,0.9001264222503161,0.4642857142857143,0.02100840336134454,0.040110650069156296,699.0,0.16883116883116883,0.7327702702702703,13.0,0.16883116883116883,4.0
false,0.0,OPENJPA,NaN,77.0,0.0,RandomForest,3.0,0.10998735777496839,0.5,false,SensitiveThreshold,0.9026548672566372,NaN,0.0,0.040110650069156296,714.0,0.0,0.7327702702702703,0.0,0.0,4.0
false,0.15105107961571373,OPENJPA,0.1784037558685446,156.0,19.0,NaiveBayes,12.0,1.9107327141382868,0.5488971720281987,false,SensitiveThreshold,0.9097007223942208,0.5,0.010777084515031198,0.27938735476082693,1744.0,0.10857142857142857,0.8724328593996841,19.0,0.10857142857142857,13.0
false,0.09856768138880635,OPENJPA,0.21664050235478804,106.0,393.0,IBk,12.0,1.9107327141382868,0.5856851146584555,false,SensitiveThreshold,0.7425180598555211,0.14935064935064934,0.22291548496880317,0.27938735476082693,1370.0,0.3942857142857143,0.8724328593996841,69.0,0.3942857142857143,13.0
false,0.0,OPENJPA,NaN,175.0,0.0,RandomForest,12.0,1.9107327141382868,0.5,false,SensitiveThreshold,0.9097007223942208,NaN,0.0,0.27938735476082693,1763.0,0.0,0.8724328593996841,0.0,0.0,13.0
false,0.26518340348767383,OPENJPA,0.2777777777777778,24.0,2.0,NaiveBayes,1.0,0.019756838905775075,0.5846170714324872,false,SensitiveThreshold,0.9604863221884499,0.7142857142857143,0.003179650238473768,0.015587529976019185,627.0,0.1724137931034483,0.5589812332439679,5.0,0.1724137931034483,2.0
false,-0.002946854994411566,OPENJPA,0.0,29.0,1.0,IBk,1.0,0.019756838905775075,0.49920508744038156,false,SensitiveThreshold,0.9544072948328268,0.0,0.001589825119236884,0.015587529976019185,628.0,0.0,0.5589812332439679,0.0,0.0,2.0
false,0.0,OPENJPA,NaN,29.0,0.0,RandomForest,1.0,0.019756838905775075,0.5,false,SensitiveThreshold,0.9559270516717325,NaN,0.0,0.015587529976019185,629.0,0.0,0.5589812332439679,0.0,0.0,2.0
false,0.09868932656552645,OPENJPA,0.12903225806451613,71.0,10.0,NaiveBayes,4.0,0.20838627700127066,0.5319187854399122,false,SensitiveThreshold,0.8970775095298602,0.375,0.014084507042253521,0.05538669368456602,700.0,0.07792207792207792,0.7900213447171825,6.0,0.07792207792207792,5.0
false,0.33683299551344836,OPENJPA,0.38333333333333336,54.0,20.0,IBk,4.0,0.20838627700127066,0.6352661423083958,false,SensitiveThreshold,0.905972045743329,0.5348837209302325,0.028169014084507043,0.05538669368456602,690.0,0.2987012987012987,0.7900213447171825,23.0,0.2987012987012987,5.0
false,0.0,OPENJPA,NaN,77.0,0.0,RandomForest,4.0,0.20838627700127066,0.5,false,SensitiveThreshold,0.9021601016518425,NaN,0.0,0.05538669368456602,710.0,0.0,0.7900213447171825,0.0,0.0,5.0
false,0.15741127575187053,OPENJPA,0.18691588785046728,156.0,18.0,NaiveBayes,15.0,2.3680672268907563,0.5512246454601955,false,SensitiveThreshold,0.9025210084033614,0.5263157894736842,0.011187072715972654,0.22499600787778784,1591.0,0.11363636363636363,0.9132315769006416,20.0,0.11363636363636363,16.0
false,0.7031063069995614,OPENJPA,0.7278688524590164,65.0,18.0,IBk,15.0,2.3680672268907563,0.8097473727329227,false,SensitiveThreshold,0.9535014005602241,0.8604651162790697,0.011187072715972654,0.22499600787778784,1591.0,0.6306818181818182,0.9132315769006416,111.0,0.6306818181818182,16.0
false,0.050073912705204976,OPENJPA,0.05524861878453039,171.0,0.0,RandomForest,15.0,2.3680672268907563,0.5142045454545454,false,SensitiveThreshold,0.9042016806722689,1.0,0.0,0.22499600787778784,1609.0,0.028409090909090908,0.9132315769006416,5.0,0.028409090909090908,16.0
false,0.008907586506667696,OPENJPA,0.057046979865771806,550.0,12.0,NaiveBayes,7.0,0.75,0.504446366192119,false,SensitiveThreshold,0.505281690140845,0.5862068965517241,0.0210896309314587,0.1443333898017957,557.0,0.029982363315696647,0.838613439409007,17.0,0.029982363315696647,8.0
false,0.5843537309499078,OPENJPA,0.7677165354330708,177.0,59.0,IBk,7.0,0.75,0.7920700012088413,false,SensitiveThreshold,0.7922535211267606,0.8685968819599109,0.10369068541300527,0.1443333898017957,510.0,0.6878306878306878,0.838613439409007,390.0,0.6878306878306878,8.0
false,0.4008271514158684,OPENJPA,0.5863746958637469,326.0,14.0,RandomForest,7.0,0.75,0.7002197611453617,false,SensitiveThreshold,0.7007042253521126,0.9450980392156862,0.02460456942003515,0.1443333898017957,555.0,0.42504409171075835,0.838613439409007,241.0,0.42504409171075835,8.0
false,0.07622349960264929,OPENJPA,0.14473684210526316,105.0,155.0,NaiveBayes,11.0,1.7933801404212637,0.5451037286648757,false,SensitiveThreshold,0.8696088264794384,0.12429378531073447,0.08302088912694162,0.31761257660538234,1712.0,0.1732283464566929,0.8495434995849996,22.0,0.1732283464566929,12.0
false,0.06637440461822898,OPENJPA,0.16835016835016836,52.0,689.0,IBk,11.0,1.7933801404212637,0.6107549692335592,false,SensitiveThreshold,0.6283851554663992,0.09816753926701571,0.3690412426352437,0.31761257660538234,1178.0,0.5905511811023622,0.8495434995849996,75.0,0.5905511811023622,12.0
false,0.014644400693393867,OPENJPA,0.015625,126.0,0.0,RandomForest,11.0,1.7933801404212637,0.5039370078740157,false,SensitiveThreshold,0.9368104312938815,1.0,0.0,0.31761257660538234,1867.0,0.007874015748031496,0.8495434995849996,1.0,0.007874015748031496,12.0
false,0.09652637871106291,OPENJPA,0.30239833159541185,599.0,70.0,NaiveBayes,9.0,1.3797814207650274,0.5488351254480287,false,SensitiveThreshold,0.5430327868852459,0.6744186046511628,0.09722222222222222,0.2454733260420464,650.0,0.19489247311827956,0.8489631692974311,145.0,0.19489247311827956,10.0
false,0.45027797704447625,OPENJPA,0.7355263157894737,185.0,217.0,IBk,9.0,1.3797814207650274,0.7249775985663083,false,SensitiveThreshold,0.7254098360655737,0.720360824742268,0.3013888888888889,0.2454733260420464,503.0,0.7513440860215054,0.8489631692974311,559.0,0.7513440860215054,10.0
false,0.3040694712124232,OPENJPA,0.47821681864235055,508.0,7.0,RandomForest,9.0,1.3797814207650274,0.6537410394265233,false,SensitiveThreshold,0.648224043715847,0.9711934156378601,0.009722222222222222,0.2454733260420464,713.0,0.3172043010752688,0.8489631692974311,236.0,0.3172043010752688,10.0
false,0.165787095704807,OPENJPA,0.19819819819819817,158.0,20.0,NaiveBayes,14.0,2.3086138049058755,0.5547538320265593,false,SensitiveThreshold,0.8984597832287506,0.5238095238095238,0.012714558169103624,0.23759760464979746,1553.0,0.12222222222222222,0.9066858298733099,22.0,0.12222222222222222,15.0
false,0.4002015942591879,OPENJPA,0.43939393939393945,122.0,26.0,IBk,14.0,2.3086138049058755,0.6528466483011938,false,SensitiveThreshold,0.9155733029092984,0.6904761904761905,0.01652892561983471,0.23759760464979746,1547.0,0.32222222222222224,0.9066858298733099,58.0,0.32222222222222224,15.0
false,0.0,OPENJPA,NaN,180.0,0.0,RandomForest,14.0,2.3086138049058755,0.5,false,SensitiveThreshold,0.8973188819167142,NaN,0.0,0.23759760464979746,1573.0,0.0,0.9066858298733099,0.0,0.0,15.0
false,0.06102662689770149,OPENJPA,0.3176043557168784,637.0,115.0,NaiveBayes,10.0,1.7672634271099745,0.5312958547322084,false,SensitiveThreshold,0.5191815856777494,0.603448275862069,0.1529255319148936,0.2851248194759645,637.0,0.21551724137931033,0.8610765677740274,175.0,0.21551724137931033,11.0
false,0.5213634370029,OPENJPA,0.7677018633540373,194.0,180.0,IBk,10.0,1.7672634271099745,0.7608610208573525,false,SensitiveThreshold,0.7608695652173912,0.7744360902255639,0.2393617021276596,0.2851248194759645,572.0,0.7610837438423645,0.8610765677740274,618.0,0.7610837438423645,11.0
false,0.0047380226316187666,OPENJPA,0.00980392156862745,808.0,0.0,RandomForest,10.0,1.7672634271099745,0.5024630541871922,false,SensitiveThreshold,0.4833759590792839,1.0,0.0,0.2851248194759645,752.0,0.0049261083743842365,0.8610765677740274,4.0,0.0049261083743842365,11.0
false,0.2053187454357781,OPENJPA,0.27301587301587305,126.0,103.0,NaiveBayes,13.0,2.1087547580206634,0.5963806115579492,false,SensitiveThreshold,0.8754758020663403,0.2945205479452055,0.061676646706586825,0.2552491278878431,1567.0,0.25443786982248523,0.8920267731329262,43.0,0.25443786982248523,14.0
false,0.025978611664952342,OPENJPA,0.1676942046855734,101.0,574.0,IBk,13.0,2.1087547580206634,0.5293271445275131,false,SensitiveThreshold,0.632952691680261,0.1059190031152648,0.3437125748502994,0.2552491278878431,1096.0,0.40236686390532544,0.8920267731329262,68.0,0.40236686390532544,14.0
false,0.010695118670987323,OPENJPA,0.011764705882352941,168.0,0.0,RandomForest,13.0,2.1087547580206634,0.5029585798816568,false,SensitiveThreshold,0.9086460032626428,1.0,0.0,0.2552491278878431,1670.0,0.005917159763313609,0.8920267731329262,1.0,0.005917159763313609,14.0
false,0.21800947867298498,OPENJPA,0.24137931034482757,38.0,6.0,NaiveBayes,2.0,0.06222222222222222,0.573015873015873,false,SensitiveThreshold,0.9348148148148148,0.5384615384615384,0.009523809523809525,0.02813127930341594,624.0,0.15555555555555556,0.6886531365313653,7.0,0.15555555555555556,3.0
false,0.16413373860182381,OPENJPA,0.2028985507246377,38.0,17.0,IBk,2.0,0.06222222222222222,0.5642857142857143,false,SensitiveThreshold,0.9185185185185185,0.2916666666666667,0.026984126984126985,0.02813127930341594,613.0,0.15555555555555556,0.6886531365313653,7.0,0.15555555555555556,3.0
false,0.0,OPENJPA,NaN,45.0,0.0,RandomForest,2.0,0.06222222222222222,0.5,false,SensitiveThreshold,0.9333333333333332,NaN,0.0,0.02813127930341594,630.0,0.0,0.6886531365313653,0.0,0.0,3.0
false,0.025194708519867513,OPENJPA,0.06159420289855072,514.0,4.0,NaiveBayes,6.0,0.2966728280961183,0.5123777688913498,false,SensitiveThreshold,0.521256931608133,0.8095238095238095,0.007259528130671506,0.06659751037344398,547.0,0.032015065913371,0.8166723144696713,17.0,0.032015065913371,7.0
false,0.08547299290849067,OPENJPA,0.20554649265905384,468.0,19.0,IBk,6.0,0.2966728280961183,0.5420806545879603,false,SensitiveThreshold,0.5499075785582255,0.7682926829268293,0.034482758620689655,0.06659751037344398,532.0,0.11864406779661017,0.8166723144696713,63.0,0.11864406779661017,7.0
false,0.0,OPENJPA,NaN,531.0,0.0,RandomForest,6.0,0.2966728280961183,0.5,false,SensitiveThreshold,0.5092421441774492,NaN,0.0,0.06659751037344398,551.0,0.0,0.8166723144696713,0.0,0.0,7.0
false,0.05121757543673952,OPENJPA,0.11842105263157895,71.0,63.0,NaiveBayes,5.0,0.2252336448598131,0.5244318181818182,false,SensitiveThreshold,0.874766355140187,0.125,0.06363636363636363,0.06428380901573753,927.0,0.1125,0.7779622328283876,9.0,0.1125,6.0
false,0.4399557685219314,OPENJPA,0.4740740740740741,48.0,23.0,IBk,5.0,0.2252336448598131,0.6883838383838384,false,SensitiveThreshold,0.9336448598130841,0.5818181818181818,0.023232323232323233,0.06428380901573753,967.0,0.4,0.7779622328283876,32.0,0.4,6.0
false,0.02288752745347431,OPENJPA,0.02469135802469136,79.0,0.0,RandomForest,5.0,0.2252336448598131,0.50625,false,SensitiveThreshold,0.9261682242990655,1.0,0.0,0.06428380901573753,990.0,0.0125,0.7779622328283876,1.0,0.0125,6.0
false,0.009556103575832245,OPENJPA,0.04494382022471911,587.0,8.0,NaiveBayes,8.0,1.1944444444444444,0.5048329445245998,false,SensitiveThreshold,0.49915824915824913,0.6363636363636364,0.013628620102214651,0.2015625,579.0,0.02329450915141431,0.8556149732620321,14.0,0.02329450915141431,9.0
false,0.02899810455243897,OPENJPA,0.10445468509984639,567.0,16.0,IBk,8.0,1.1944444444444444,0.5146575695816455,false,SensitiveThreshold,0.5092592592592592,0.68,0.027257240204429302,0.2015625,571.0,0.056572379367720464,0.8556149732620321,34.0,0.056572379367720464,9.0
false,0.0,OPENJPA,NaN,601.0,0.0,RandomForest,8.0,1.1944444444444444,0.5,false,SensitiveThreshold,0.4941077441077441,NaN,0.0,0.2015625,587.0,0.0,0.8556149732620321,0.0,0.0,9.0
false,0.1503759398496235,OPENJPA,0.17582417582417584,69.0,6.0,NaiveBayes,3.0,0.10998735777496839,0.7005256648113791,false,SensitiveLearning,0.9051833122629582,0.5714285714285714,0.008403361344537815,0.040110650069156296,708.0,0.1038961038961039,0.7327702702702703,8.0,0.1038961038961039,4.0
false,0.2064183482976265,OPENJPA,0.2476190476190476,64.0,15.0,IBk,3.0,0.10998735777496839,0.5739113827349122,false,SensitiveLearning,0.9001264222503161,0.4642857142857143,0.02100840336134454,0.040110650069156296,699.0,0.16883116883116883,0.7327702702702703,13.0,0.16883116883116883,4.0
false,0.0,OPENJPA,NaN,77.0,0.0,RandomForest,3.0,0.10998735777496839,0.5,false,SensitiveLearning,0.9026548672566372,NaN,0.0,0.040110650069156296,714.0,0.0,0.7327702702702703,0.0,0.0,4.0
false,0.15105107961571373,OPENJPA,0.1784037558685446,156.0,19.0,NaiveBayes,12.0,1.9107327141382868,0.5188736731221133,false,SensitiveLearning,0.9097007223942208,0.5,0.010777084515031198,0.27938735476082693,1744.0,0.10857142857142857,0.8724328593996841,19.0,0.10857142857142857,13.0
false,0.09856768138880635,OPENJPA,0.21664050235478804,106.0,393.0,IBk,12.0,1.9107327141382868,0.5856851146584555,false,SensitiveLearning,0.7425180598555211,0.14935064935064934,0.22291548496880317,0.27938735476082693,1370.0,0.3942857142857143,0.8724328593996841,69.0,0.3942857142857143,13.0
false,0.0,OPENJPA,NaN,175.0,0.0,RandomForest,12.0,1.9107327141382868,0.5,false,SensitiveLearning,0.9097007223942208,NaN,0.0,0.27938735476082693,1763.0,0.0,0.8724328593996841,0.0,0.0,13.0
false,0.26518340348767383,OPENJPA,0.2777777777777778,24.0,2.0,NaiveBayes,1.0,0.019756838905775075,0.6641083273943315,false,SensitiveLearning,0.9604863221884499,0.7142857142857143,0.003179650238473768,0.015587529976019185,627.0,0.1724137931034483,0.5589812332439679,5.0,0.1724137931034483,2.0
false,-0.002946854994411566,OPENJPA,0.0,29.0,1.0,IBk,1.0,0.019756838905775075,0.49920508744038156,false,SensitiveLearning,0.9544072948328268,0.0,0.001589825119236884,0.015587529976019185,628.0,0.0,0.5589812332439679,0.0,0.0,2.0
false,0.0,OPENJPA,NaN,29.0,0.0,RandomForest,1.0,0.019756838905775075,0.5,false,SensitiveLearning,0.9559270516717325,NaN,0.0,0.015587529976019185,629.0,0.0,0.5589812332439679,0.0,0.0,2.0
false,0.09868932656552645,OPENJPA,0.12903225806451613,71.0,10.0,NaiveBayes,4.0,0.20838627700127066,0.7388512895555149,false,SensitiveLearning,0.8970775095298602,0.375,0.014084507042253521,0.05538669368456602,700.0,0.07792207792207792,0.7900213447171825,6.0,0.07792207792207792,5.0
false,0.33683299551344836,OPENJPA,0.38333333333333336,54.0,20.0,IBk,4.0,0.20838627700127066,0.6352661423083958,false,SensitiveLearning,0.905972045743329,0.5348837209302325,0.028169014084507043,0.05538669368456602,690.0,0.2987012987012987,0.7900213447171825,23.0,0.2987012987012987,5.0
false,0.0,OPENJPA,NaN,77.0,0.0,RandomForest,4.0,0.20838627700127066,0.5,false,SensitiveLearning,0.9021601016518425,NaN,0.0,0.05538669368456602,710.0,0.0,0.7900213447171825,0.0,0.0,5.0
false,0.15741127575187053,OPENJPA,0.18691588785046728,156.0,18.0,NaiveBayes,15.0,2.3680672268907563,0.6286725238714052,false,SensitiveLearning,0.9025210084033614,0.5263157894736842,0.011187072715972654,0.22499600787778784,1591.0,0.11363636363636363,0.9132315769006416,20.0,0.11363636363636363,16.0
false,0.7031063069995614,OPENJPA,0.7278688524590164,65.0,18.0,IBk,15.0,2.3680672268907563,0.8097473727329227,false,SensitiveLearning,0.9535014005602241,0.8604651162790697,0.011187072715972654,0.22499600787778784,1591.0,0.6306818181818182,0.9132315769006416,111.0,0.6306818181818182,16.0
false,0.050073912705204976,OPENJPA,0.05524861878453039,171.0,0.0,RandomForest,15.0,2.3680672268907563,0.5142045454545454,false,SensitiveLearning,0.9042016806722689,1.0,0.0,0.22499600787778784,1609.0,0.028409090909090908,0.9132315769006416,5.0,0.028409090909090908,16.0
false,0.008907586506667696,OPENJPA,0.057046979865771806,550.0,12.0,NaiveBayes,7.0,0.75,0.6578653722766201,false,SensitiveLearning,0.505281690140845,0.5862068965517241,0.0210896309314587,0.1443333898017957,557.0,0.029982363315696647,0.838613439409007,17.0,0.029982363315696647,8.0
false,0.5843537309499078,OPENJPA,0.7677165354330708,177.0,59.0,IBk,7.0,0.75,0.7920700012088413,false,SensitiveLearning,0.7922535211267606,0.8685968819599109,0.10369068541300527,0.1443333898017957,510.0,0.6878306878306878,0.838613439409007,390.0,0.6878306878306878,8.0
false,0.4008271514158684,OPENJPA,0.5863746958637469,326.0,14.0,RandomForest,7.0,0.75,0.7002197611453617,false,SensitiveLearning,0.7007042253521126,0.9450980392156862,0.02460456942003515,0.1443333898017957,555.0,0.42504409171075835,0.838613439409007,241.0,0.42504409171075835,8.0
false,0.07622349960264929,OPENJPA,0.14473684210526316,105.0,155.0,NaiveBayes,11.0,1.7933801404212637,0.5448612241627269,false,SensitiveLearning,0.8696088264794384,0.12429378531073447,0.08302088912694162,0.31761257660538234,1712.0,0.1732283464566929,0.8495434995849996,22.0,0.1732283464566929,12.0
false,0.06637440461822898,OPENJPA,0.16835016835016836,52.0,689.0,IBk,11.0,1.7933801404212637,0.6107549692335592,false,SensitiveLearning,0.6283851554663992,0.09816753926701571,0.3690412426352437,0.31761257660538234,1178.0,0.5905511811023622,0.8495434995849996,75.0,0.5905511811023622,12.0
false,0.014644400693393867,OPENJPA,0.015625,126.0,0.0,RandomForest,11.0,1.7933801404212637,0.5039370078740157,false,SensitiveLearning,0.9368104312938815,1.0,0.0,0.31761257660538234,1867.0,0.007874015748031496,0.8495434995849996,1.0,0.007874015748031496,12.0
false,0.09785688983351054,OPENJPA,0.3041666666666667,598.0,70.0,NaiveBayes,9.0,1.3797814207650274,0.6838457661290323,false,SensitiveLearning,0.5437158469945355,0.6759259259259259,0.09722222222222222,0.2454733260420464,650.0,0.19623655913978494,0.8489631692974311,146.0,0.19623655913978494,10.0
false,0.45027797704447625,OPENJPA,0.7355263157894737,185.0,217.0,IBk,9.0,1.3797814207650274,0.7249775985663083,false,SensitiveLearning,0.7254098360655737,0.720360824742268,0.3013888888888889,0.2454733260420464,503.0,0.7513440860215054,0.8489631692974311,559.0,0.7513440860215054,10.0
false,0.3040694712124232,OPENJPA,0.47821681864235055,508.0,7.0,RandomForest,9.0,1.3797814207650274,0.6537410394265233,false,SensitiveLearning,0.648224043715847,0.9711934156378601,0.009722222222222222,0.2454733260420464,713.0,0.3172043010752688,0.8489631692974311,236.0,0.3172043010752688,10.0
false,0.165787095704807,OPENJPA,0.19819819819819817,158.0,20.0,NaiveBayes,14.0,2.3086138049058755,0.6662446139718867,false,SensitiveLearning,0.8984597832287506,0.5238095238095238,0.012714558169103624,0.23759760464979746,1553.0,0.12222222222222222,0.9066858298733099,22.0,0.12222222222222222,15.0
false,0.4002015942591879,OPENJPA,0.43939393939393945,122.0,26.0,IBk,14.0,2.3086138049058755,0.6528466483011938,false,SensitiveLearning,0.9155733029092984,0.6904761904761905,0.01652892561983471,0.23759760464979746,1547.0,0.32222222222222224,0.9066858298733099,58.0,0.32222222222222224,15.0
false,0.0,OPENJPA,NaN,180.0,0.0,RandomForest,14.0,2.3086138049058755,0.5,false,SensitiveLearning,0.8973188819167142,NaN,0.0,0.23759760464979746,1573.0,0.0,0.9066858298733099,0.0,0.0,15.0
false,0.062230341043729924,OPENJPA,0.3191296464188576,636.0,115.0,NaiveBayes,10.0,1.7672634271099745,0.5990969893092967,false,SensitiveLearning,0.5198209718670077,0.6048109965635738,0.1529255319148936,0.2851248194759645,637.0,0.21674876847290642,0.8610765677740274,176.0,0.21674876847290642,11.0
false,0.5213634370029,OPENJPA,0.7677018633540373,194.0,180.0,IBk,10.0,1.7672634271099745,0.7608610208573525,false,SensitiveLearning,0.7608695652173912,0.7744360902255639,0.2393617021276596,0.2851248194759645,572.0,0.7610837438423645,0.8610765677740274,618.0,0.7610837438423645,11.0
false,0.0047380226316187666,OPENJPA,0.00980392156862745,808.0,0.0,RandomForest,10.0,1.7672634271099745,0.5024630541871922,false,SensitiveLearning,0.4833759590792839,1.0,0.0,0.2851248194759645,752.0,0.0049261083743842365,0.8610765677740274,4.0,0.0049261083743842365,11.0
false,0.2053187454357781,OPENJPA,0.27301587301587305,126.0,103.0,NaiveBayes,13.0,2.1087547580206634,0.6201892073840485,false,SensitiveLearning,0.8754758020663403,0.2945205479452055,0.061676646706586825,0.2552491278878431,1567.0,0.25443786982248523,0.8920267731329262,43.0,0.25443786982248523,14.0
false,0.025978611664952342,OPENJPA,0.1676942046855734,101.0,574.0,IBk,13.0,2.1087547580206634,0.5293271445275131,false,SensitiveLearning,0.632952691680261,0.1059190031152648,0.3437125748502994,0.2552491278878431,1096.0,0.40236686390532544,0.8920267731329262,68.0,0.40236686390532544,14.0
false,0.010695118670987323,OPENJPA,0.011764705882352941,168.0,0.0,RandomForest,13.0,2.1087547580206634,0.5029585798816568,false,SensitiveLearning,0.9086460032626428,1.0,0.0,0.2552491278878431,1670.0,0.005917159763313609,0.8920267731329262,1.0,0.005917159763313609,14.0
false,0.20689655172413787,OPENJPA,0.23333333333333334,38.0,8.0,NaiveBayes,2.0,0.06222222222222222,0.7256437389770724,false,SensitiveLearning,0.9318518518518519,0.4666666666666667,0.012698412698412698,0.02813127930341594,622.0,0.15555555555555556,0.6886531365313653,7.0,0.15555555555555556,3.0
false,0.16413373860182381,OPENJPA,0.2028985507246377,38.0,17.0,IBk,2.0,0.06222222222222222,0.5642857142857143,false,SensitiveLearning,0.9185185185185185,0.2916666666666667,0.026984126984126985,0.02813127930341594,613.0,0.15555555555555556,0.6886531365313653,7.0,0.15555555555555556,3.0
false,0.0,OPENJPA,NaN,45.0,0.0,RandomForest,2.0,0.06222222222222222,0.5,false,SensitiveLearning,0.9333333333333332,NaN,0.0,0.02813127930341594,630.0,0.0,0.6886531365313653,0.0,0.0,3.0
false,0.025194708519867513,OPENJPA,0.06159420289855072,514.0,4.0,NaiveBayes,6.0,0.2966728280961183,0.5081618423616024,false,SensitiveLearning,0.521256931608133,0.8095238095238095,0.007259528130671506,0.06659751037344398,547.0,0.032015065913371,0.8166723144696713,17.0,0.032015065913371,7.0
false,0.08547299290849067,OPENJPA,0.20554649265905384,468.0,19.0,IBk,6.0,0.2966728280961183,0.5420806545879603,false,SensitiveLearning,0.5499075785582255,0.7682926829268293,0.034482758620689655,0.06659751037344398,532.0,0.11864406779661017,0.8166723144696713,63.0,0.11864406779661017,7.0
false,0.0,OPENJPA,NaN,531.0,0.0,RandomForest,6.0,0.2966728280961183,0.5,false,SensitiveLearning,0.5092421441774492,NaN,0.0,0.06659751037344398,551.0,0.0,0.8166723144696713,0.0,0.0,7.0
false,0.05121757543673952,OPENJPA,0.11842105263157895,71.0,63.0,NaiveBayes,5.0,0.2252336448598131,0.6726578282828283,false,SensitiveLearning,0.874766355140187,0.125,0.06363636363636363,0.06428380901573753,927.0,0.1125,0.7779622328283876,9.0,0.1125,6.0
false,0.4399557685219314,OPENJPA,0.4740740740740741,48.0,23.0,IBk,5.0,0.2252336448598131,0.6883838383838384,false,SensitiveLearning,0.9336448598130841,0.5818181818181818,0.023232323232323233,0.06428380901573753,967.0,0.4,0.7779622328283876,32.0,0.4,6.0
false,0.02288752745347431,OPENJPA,0.02469135802469136,79.0,0.0,RandomForest,5.0,0.2252336448598131,0.50625,false,SensitiveLearning,0.9261682242990655,1.0,0.0,0.06428380901573753,990.0,0.0125,0.7779622328283876,1.0,0.0125,6.0
false,0.009556103575832245,OPENJPA,0.04494382022471911,587.0,8.0,NaiveBayes,8.0,1.1944444444444444,0.6589755291436475,false,SensitiveLearning,0.49915824915824913,0.6363636363636364,0.013628620102214651,0.2015625,579.0,0.02329450915141431,0.8556149732620321,14.0,0.02329450915141431,9.0
false,0.02899810455243897,OPENJPA,0.10445468509984639,567.0,16.0,IBk,8.0,1.1944444444444444,0.5146575695816455,false,SensitiveLearning,0.5092592592592592,0.68,0.027257240204429302,0.2015625,571.0,0.056572379367720464,0.8556149732620321,34.0,0.056572379367720464,9.0
false,0.0,OPENJPA,NaN,601.0,0.0,RandomForest,8.0,1.1944444444444444,0.5,false,SensitiveLearning,0.4941077441077441,NaN,0.0,0.2015625,587.0,0.0,0.8556149732620321,0.0,0.0,9.0
